Using pre-set license
Built from '6000.1/staging' branch; Version is '6000.1.0f1 (9ea152932a88) revision 10395986'; Using compiler version '194234433'; Build Type 'Release'
OS: 'Windows 11  (10.0.26100) 64bit Professional' Language: 'ja' Physical Memory: 32469 MB
BatchMode: 1, IsHumanControllingUs: 0, StartBugReporterOnCrash: 0, Is64bit: 1, IsPro: 1
Date: 2025-06-18T00:54:26Z

COMMAND LINE ARGUMENTS:
C:\Program Files\Unity\Hub\Editor\6000.1.0f1\Editor\Unity.exe
-adb2
-batchMode
-noUpm
-name
AssetImportWorker1
-projectPath
C:/UnityPro/Inu-bake/MyProject00
-logFile
Logs/AssetImportWorker1.log
-srvPort
49964
-job-worker-count
7
-background-job-worker-count
8
-gc-helper-count
1
-name
AssetImport
Successfully changed project path to: C:/UnityPro/Inu-bake/MyProject00
C:/UnityPro/Inu-bake/MyProject00
[UnityMemory] Configuration Parameters - Can be set up in boot.config
    "memorysetup-allocator-temp-initial-block-size-main=262144"
    "memorysetup-allocator-temp-initial-block-size-worker=262144"
    "memorysetup-bucket-allocator-granularity=16"
    "memorysetup-bucket-allocator-bucket-count=8"
    "memorysetup-bucket-allocator-block-size=33554432"
    "memorysetup-bucket-allocator-block-count=8"
    "memorysetup-main-allocator-block-size=16777216"
    "memorysetup-thread-allocator-block-size=16777216"
    "memorysetup-gfx-main-allocator-block-size=16777216"
    "memorysetup-gfx-thread-allocator-block-size=16777216"
    "memorysetup-cache-allocator-block-size=4194304"
    "memorysetup-typetree-allocator-block-size=2097152"
    "memorysetup-profiler-bucket-allocator-granularity=16"
    "memorysetup-profiler-bucket-allocator-bucket-count=8"
    "memorysetup-profiler-bucket-allocator-block-size=33554432"
    "memorysetup-profiler-bucket-allocator-block-count=8"
    "memorysetup-profiler-allocator-block-size=16777216"
    "memorysetup-profiler-editor-allocator-block-size=1048576"
    "memorysetup-temp-allocator-size-main=16777216"
    "memorysetup-job-temp-allocator-block-size=2097152"
    "memorysetup-job-temp-allocator-block-size-background=1048576"
    "memorysetup-job-temp-allocator-reduction-small-platforms=262144"
    "memorysetup-temp-allocator-size-background-worker=32768"
    "memorysetup-temp-allocator-size-job-worker=262144"
    "memorysetup-temp-allocator-size-preload-manager=33554432"
    "memorysetup-temp-allocator-size-nav-mesh-worker=65536"
    "memorysetup-temp-allocator-size-audio-worker=65536"
    "memorysetup-temp-allocator-size-cloud-worker=32768"
    "memorysetup-temp-allocator-size-gi-baking-worker=262144"
    "memorysetup-temp-allocator-size-gi-baking-worker=262144"
    "memorysetup-temp-allocator-size-gi-baking-worker=262144"
    "memorysetup-temp-allocator-size-gi-baking-worker=262144"
    "memorysetup-temp-allocator-size-gi-baking-worker=262144"
    "memorysetup-temp-allocator-size-gfx=262144"
Player connection [5188]  Target information:

Player connection [5188]  * "[IP] 172.16.96.169 [Port] 0 [Flags] 2 [Guid] 1017353815 [EditorId] 1017353815 [Version] 1048832 [Id] WindowsEditor(7,KBC12206071) [Debug] 1 [PackageName] WindowsEditor [ProjectName] Editor" 

Player connection [5188] Host joined multi-casting on [225.0.0.222:54997]...
Player connection [5188] Host joined alternative multi-casting on [225.0.0.222:34997]...
JobSystem: Creating JobQueue using job-worker-count value 7
Input System module state changed to: Initialized.
[Physics::Module] Initialized fallback backend.
[Physics::Module] Id: 0xdecafbad
Library Redirect Path: Library/
[Physics::Module] Selected backend.
[Physics::Module] Name: PhysX
[Physics::Module] Id: 0xf2b8ea05
[Physics::Module] SDK Version: 4.1.2
[Physics::Module] Integration Version: 1.0.0
[Physics::Module] Threading Mode: Multi-Threaded
Refreshing native plugins compatible for Editor in 3.58 ms, found 4 plugins.
Preloading 0 native plugins for Editor in 0.00 ms.
Initialize engine version: 6000.1.0f1 (9ea152932a88)
[Subsystems] Discovering subsystems at path C:/Program Files/Unity/Hub/Editor/6000.1.0f1/Editor/Data/Resources/UnitySubsystems
[Subsystems] Discovering subsystems at path C:/UnityPro/Inu-bake/MyProject00/Assets
GfxDevice: creating device client; kGfxThreadingModeNonThreaded
Direct3D:
    Version:         Direct3D 12 [level 12.1]
    Renderer:        NVIDIA GeForce RTX 3070 Laptop GPU (ID=0x249d)
    Vendor:          NVIDIA
    VRAM:            8044 MB
    App VRAM Budget: 7276 MB
    Driver:          30.0.14.7141
Initialize mono
Mono path[0] = 'C:/Program Files/Unity/Hub/Editor/6000.1.0f1/Editor/Data/Managed'
Mono path[1] = 'C:/Program Files/Unity/Hub/Editor/6000.1.0f1/Editor/Data/MonoBleedingEdge/lib/mono/unityjit-win32'
Mono config path = 'C:/Program Files/Unity/Hub/Editor/6000.1.0f1/Editor/Data/MonoBleedingEdge/etc'
Using monoOptions --debugger-agent=transport=dt_socket,embedding=1,server=y,suspend=n,address=127.0.0.1:56932
Begin MonoManager ReloadAssembly
Registering precompiled unity dll's ...
Register platform support module: C:/Program Files/Unity/Hub/Editor/6000.1.0f1/Editor/Data/PlaybackEngines/WebGLSupport/UnityEditor.WebGL.Extensions.dll
Register platform support module: C:/Program Files/Unity/Hub/Editor/6000.1.0f1/Editor/Data/PlaybackEngines/WindowsStandaloneSupport/UnityEditor.WindowsStandalone.Extensions.dll
Registered in 0.002592 seconds.
- Loaded All Assemblies, in  0.377 seconds
Native extension for WindowsStandalone target not found
Native extension for WebGL target not found
Mono: successfully reloaded assembly
- Finished resetting the current domain, in  0.308 seconds
Domain Reload Profiling: 683ms
	BeginReloadAssembly (84ms)
		ExecutionOrderSort (0ms)
		DisableScriptedObjects (0ms)
		BackupInstance (0ms)
		ReleaseScriptingObjects (0ms)
		CreateAndSetChildDomain (1ms)
	RebuildCommonClasses (34ms)
	RebuildNativeTypeToScriptingClass (11ms)
	initialDomainReloadingComplete (45ms)
	LoadAllAssembliesAndSetupDomain (201ms)
		LoadAssemblies (82ms)
		RebuildTransferFunctionScriptingTraits (0ms)
		AnalyzeDomain (198ms)
			TypeCache.Refresh (196ms)
				TypeCache.ScanAssembly (184ms)
			BuildScriptInfoCaches (0ms)
			ResolveRequiredComponents (0ms)
	FinalizeReload (309ms)
		ReleaseScriptCaches (0ms)
		RebuildScriptCaches (0ms)
		SetupLoadedEditorAssemblies (267ms)
			LogAssemblyErrors (0ms)
			InitializePlatformSupportModulesInManaged (49ms)
			SetLoadedEditorAssemblies (4ms)
			BeforeProcessingInitializeOnLoad (47ms)
			ProcessInitializeOnLoadAttributes (115ms)
			ProcessInitializeOnLoadMethodAttributes (53ms)
			AfterProcessingInitializeOnLoad (0ms)
			EditorAssembliesLoaded (0ms)
		ExecutionOrderSort2 (0ms)
		AwakeInstancesAfterBackupRestoration (0ms)
========================================================================
Worker process is ready to serve import requests
Import Worker Mode flag is 0x00
Begin MonoManager ReloadAssembly
Duplicate assembly 'log4net.dll' with different versions detected, using 'Packages/com.unity.package-validation-suite/Lib/Editor/log4net.dll, AssemblyName=log4net, Version=2.0.8.0, Culture=neutral, PublicKeyToken=669e0ddf0bb1aa2a' and ignoring 'Packages/com.unity.collab-proxy/Lib/Editor/log4netPlastic.dll, AssemblyName=log4net, Version=1.2.15.0, Culture=neutral, PublicKeyToken=669e0ddf0bb1aa2a'.- Loaded All Assemblies, in  0.839 seconds
Script 'Tree' has the same name as built-in Unity component.
AddComponent and GetComponent will not work with this script.
Refreshing native plugins compatible for Editor in 1.45 ms, found 4 plugins.
Native extension for WindowsStandalone target not found
Native extension for WebGL target not found
Mono: successfully reloaded assembly
- Finished resetting the current domain, in  0.701 seconds
Domain Reload Profiling: 1535ms
	BeginReloadAssembly (125ms)
		ExecutionOrderSort (0ms)
		DisableScriptedObjects (5ms)
		BackupInstance (0ms)
		ReleaseScriptingObjects (0ms)
		CreateAndSetChildDomain (27ms)
	RebuildCommonClasses (34ms)
	RebuildNativeTypeToScriptingClass (11ms)
	initialDomainReloadingComplete (37ms)
	LoadAllAssembliesAndSetupDomain (627ms)
		LoadAssemblies (440ms)
		RebuildTransferFunctionScriptingTraits (0ms)
		AnalyzeDomain (249ms)
			TypeCache.Refresh (184ms)
				TypeCache.ScanAssembly (167ms)
			BuildScriptInfoCaches (53ms)
			ResolveRequiredComponents (9ms)
	FinalizeReload (701ms)
		ReleaseScriptCaches (0ms)
		RebuildScriptCaches (0ms)
		SetupLoadedEditorAssemblies (577ms)
			LogAssemblyErrors (0ms)
			InitializePlatformSupportModulesInManaged (2ms)
			SetLoadedEditorAssemblies (5ms)
			BeforeProcessingInitializeOnLoad (111ms)
			ProcessInitializeOnLoadAttributes (348ms)
			ProcessInitializeOnLoadMethodAttributes (104ms)
			AfterProcessingInitializeOnLoad (6ms)
			EditorAssembliesLoaded (0ms)
		ExecutionOrderSort2 (0ms)
		AwakeInstancesAfterBackupRestoration (6ms)
Launched and connected shader compiler UnityShaderCompiler.exe after 0.58 seconds
Refreshing native plugins compatible for Editor in 1.66 ms, found 4 plugins.
Preloading 0 native plugins for Editor in 0.00 ms.
Unloading 270 Unused Serialized files (Serialized files now loaded: 0)
Unloading 6828 unused Assets / (5.8 MB). Loaded Objects now: 7572.
Memory consumption went from 193.9 MB to 188.2 MB.
Total: 8.531100 ms (FindLiveObjects: 0.660200 ms CreateObjectMapping: 0.577100 ms MarkObjects: 4.823000 ms  DeleteObjects: 2.469900 ms)

========================================================================
Received Prepare
Script 'Tree' has the same name as built-in Unity component.
AddComponent and GetComponent will not work with this script.
Refreshing native plugins compatible for Editor in 1.55 ms, found 4 plugins.
Preloading 0 native plugins for Editor in 0.00 ms.
Unloading 24 Unused Serialized files (Serialized files now loaded: 0)
Unloading 6816 unused Assets / (5.6 MB). Loaded Objects now: 7573.
Memory consumption went from 152.0 MB to 146.4 MB.
Total: 9.891500 ms (FindLiveObjects: 0.638000 ms CreateObjectMapping: 0.576500 ms MarkObjects: 6.489600 ms  DeleteObjects: 2.186300 ms)

Prepare: number of updated asset objects reloaded= 0
========================================================================
Received Import Request.
  Time since last request: 2915.433071 seconds.
  path: Assets/Scprits/Object/Witch/Witch.cs
  artifactKey: Guid(cacb543021b41bb4faefb280809d7f3e) Importer(815301076,1909f56bfc062723c751e8b465ee728b)
Start importing Assets/Scprits/Object/Witch/Witch.cs using Guid(cacb543021b41bb4faefb280809d7f3e) Importer(815301076,1909f56bfc062723c751e8b465ee728b) (PreviewImporter) -> (artifact id: 'e4a21ae7f63ba91cc01af05919618a80') in 0.0070354 seconds
Number of updated asset objects reloaded before import = 0Number of asset objects unloaded after import = 0

========================================================================
Received Prepare
Begin MonoManager ReloadAssembly
Duplicate assembly 'log4net.dll' with different versions detected, using 'Packages/com.unity.package-validation-suite/Lib/Editor/log4net.dll, AssemblyName=log4net, Version=2.0.8.0, Culture=neutral, PublicKeyToken=669e0ddf0bb1aa2a' and ignoring 'Packages/com.unity.collab-proxy/Lib/Editor/log4netPlastic.dll, AssemblyName=log4net, Version=1.2.15.0, Culture=neutral, PublicKeyToken=669e0ddf0bb1aa2a'.- Loaded All Assemblies, in  0.688 seconds
Script 'Tree' has the same name as built-in Unity component.
AddComponent and GetComponent will not work with this script.
Refreshing native plugins compatible for Editor in 2.44 ms, found 4 plugins.
Native extension for WindowsStandalone target not found
Native extension for WebGL target not found
Mono: successfully reloaded assembly
- Finished resetting the current domain, in  0.959 seconds
Domain Reload Profiling: 1647ms
	BeginReloadAssembly (173ms)
		ExecutionOrderSort (0ms)
		DisableScriptedObjects (13ms)
		BackupInstance (0ms)
		ReleaseScriptingObjects (0ms)
		CreateAndSetChildDomain (53ms)
	RebuildCommonClasses (38ms)
	RebuildNativeTypeToScriptingClass (14ms)
	initialDomainReloadingComplete (28ms)
	LoadAllAssembliesAndSetupDomain (434ms)
		LoadAssemblies (308ms)
		RebuildTransferFunctionScriptingTraits (0ms)
		AnalyzeDomain (188ms)
			TypeCache.Refresh (10ms)
				TypeCache.ScanAssembly (0ms)
			BuildScriptInfoCaches (161ms)
			ResolveRequiredComponents (13ms)
	FinalizeReload (959ms)
		ReleaseScriptCaches (0ms)
		RebuildScriptCaches (0ms)
		SetupLoadedEditorAssemblies (712ms)
			LogAssemblyErrors (0ms)
			InitializePlatformSupportModulesInManaged (3ms)
			SetLoadedEditorAssemblies (7ms)
			BeforeProcessingInitializeOnLoad (164ms)
			ProcessInitializeOnLoadAttributes (459ms)
			ProcessInitializeOnLoadMethodAttributes (71ms)
			AfterProcessingInitializeOnLoad (8ms)
			EditorAssembliesLoaded (0ms)
		ExecutionOrderSort2 (0ms)
		AwakeInstancesAfterBackupRestoration (16ms)
Refreshing native plugins compatible for Editor in 2.36 ms, found 4 plugins.
Preloading 0 native plugins for Editor in 0.00 ms.
Unloading 24 Unused Serialized files (Serialized files now loaded: 0)
Unloading 6827 unused Assets / (7.5 MB). Loaded Objects now: 7578.
Memory consumption went from 155.8 MB to 148.3 MB.
Total: 12.827500 ms (FindLiveObjects: 0.718000 ms CreateObjectMapping: 1.066000 ms MarkObjects: 6.583200 ms  DeleteObjects: 4.459200 ms)

Prepare: number of updated asset objects reloaded= 0
========================================================================
Received Import Request.
  Time since last request: 12.424066 seconds.
  path: Assets/Scprits/Object/Witch/Witch.cs
  artifactKey: Guid(cacb543021b41bb4faefb280809d7f3e) Importer(815301076,1909f56bfc062723c751e8b465ee728b)
Start importing Assets/Scprits/Object/Witch/Witch.cs using Guid(cacb543021b41bb4faefb280809d7f3e) Importer(815301076,1909f56bfc062723c751e8b465ee728b) (PreviewImporter) -> (artifact id: '593fa31813628080335c6c2e58f0c759') in 0.0021113 seconds
Number of updated asset objects reloaded before import = 0Number of asset objects unloaded after import = 0

========================================================================
Received Prepare
Script 'Tree' has the same name as built-in Unity component.
AddComponent and GetComponent will not work with this script.
Refreshing native plugins compatible for Editor in 1.57 ms, found 4 plugins.
Preloading 0 native plugins for Editor in 0.00 ms.
Unloading 24 Unused Serialized files (Serialized files now loaded: 0)
Unloading 6816 unused Assets / (5.8 MB). Loaded Objects now: 7578.
Memory consumption went from 156.0 MB to 150.2 MB.
Total: 8.246200 ms (FindLiveObjects: 0.683400 ms CreateObjectMapping: 0.607800 ms MarkObjects: 4.685300 ms  DeleteObjects: 2.269000 ms)

Prepare: number of updated asset objects reloaded= 0
========================================================================
Received Prepare
Begin MonoManager ReloadAssembly
Duplicate assembly 'log4net.dll' with different versions detected, using 'Packages/com.unity.package-validation-suite/Lib/Editor/log4net.dll, AssemblyName=log4net, Version=2.0.8.0, Culture=neutral, PublicKeyToken=669e0ddf0bb1aa2a' and ignoring 'Packages/com.unity.collab-proxy/Lib/Editor/log4netPlastic.dll, AssemblyName=log4net, Version=1.2.15.0, Culture=neutral, PublicKeyToken=669e0ddf0bb1aa2a'.- Loaded All Assemblies, in  0.632 seconds
Script 'Tree' has the same name as built-in Unity component.
AddComponent and GetComponent will not work with this script.
Refreshing native plugins compatible for Editor in 1.46 ms, found 4 plugins.
Native extension for WindowsStandalone target not found
Native extension for WebGL target not found
Mono: successfully reloaded assembly
- Finished resetting the current domain, in  0.712 seconds
Domain Reload Profiling: 1343ms
	BeginReloadAssembly (161ms)
		ExecutionOrderSort (0ms)
		DisableScriptedObjects (12ms)
		BackupInstance (0ms)
		ReleaseScriptingObjects (0ms)
		CreateAndSetChildDomain (52ms)
	RebuildCommonClasses (31ms)
	RebuildNativeTypeToScriptingClass (11ms)
	initialDomainReloadingComplete (24ms)
	LoadAllAssembliesAndSetupDomain (404ms)
		LoadAssemblies (280ms)
		RebuildTransferFunctionScriptingTraits (0ms)
		AnalyzeDomain (179ms)
			TypeCache.Refresh (9ms)
				TypeCache.ScanAssembly (0ms)
			BuildScriptInfoCaches (158ms)
			ResolveRequiredComponents (8ms)
	FinalizeReload (712ms)
		ReleaseScriptCaches (0ms)
		RebuildScriptCaches (0ms)
		SetupLoadedEditorAssemblies (527ms)
			LogAssemblyErrors (0ms)
			InitializePlatformSupportModulesInManaged (2ms)
			SetLoadedEditorAssemblies (6ms)
			BeforeProcessingInitializeOnLoad (114ms)
			ProcessInitializeOnLoadAttributes (339ms)
			ProcessInitializeOnLoadMethodAttributes (59ms)
			AfterProcessingInitializeOnLoad (6ms)
			EditorAssembliesLoaded (0ms)
		ExecutionOrderSort2 (0ms)
		AwakeInstancesAfterBackupRestoration (12ms)
Refreshing native plugins compatible for Editor in 1.70 ms, found 4 plugins.
Preloading 0 native plugins for Editor in 0.00 ms.
Unloading 24 Unused Serialized files (Serialized files now loaded: 0)
Unloading 6827 unused Assets / (5.9 MB). Loaded Objects now: 7580.
Memory consumption went from 158.7 MB to 152.8 MB.
Total: 8.632700 ms (FindLiveObjects: 0.802300 ms CreateObjectMapping: 0.612800 ms MarkObjects: 4.547900 ms  DeleteObjects: 2.668900 ms)

Prepare: number of updated asset objects reloaded= 0
========================================================================
Received Import Request.
  Time since last request: 18.476249 seconds.
  path: Assets/Scprits/Object/Witch/Goal.cs
  artifactKey: Guid(cacb543021b41bb4faefb280809d7f3e) Importer(815301076,1909f56bfc062723c751e8b465ee728b)
Start importing Assets/Scprits/Object/Witch/Goal.cs using Guid(cacb543021b41bb4faefb280809d7f3e) Importer(815301076,1909f56bfc062723c751e8b465ee728b) (PreviewImporter) -> (artifact id: 'a9987b93c30d0a463b7876318e1ad9c5') in 0.0017973 seconds
Number of updated asset objects reloaded before import = 0Number of asset objects unloaded after import = 0

========================================================================
Received Prepare
Begin MonoManager ReloadAssembly
Duplicate assembly 'log4net.dll' with different versions detected, using 'Packages/com.unity.package-validation-suite/Lib/Editor/log4net.dll, AssemblyName=log4net, Version=2.0.8.0, Culture=neutral, PublicKeyToken=669e0ddf0bb1aa2a' and ignoring 'Packages/com.unity.collab-proxy/Lib/Editor/log4netPlastic.dll, AssemblyName=log4net, Version=1.2.15.0, Culture=neutral, PublicKeyToken=669e0ddf0bb1aa2a'.- Loaded All Assemblies, in  0.636 seconds
Script 'Tree' has the same name as built-in Unity component.
AddComponent and GetComponent will not work with this script.
Refreshing native plugins compatible for Editor in 1.53 ms, found 4 plugins.
Native extension for WindowsStandalone target not found
Native extension for WebGL target not found
Mono: successfully reloaded assembly
- Finished resetting the current domain, in  0.665 seconds
Domain Reload Profiling: 1302ms
	BeginReloadAssembly (159ms)
		ExecutionOrderSort (0ms)
		DisableScriptedObjects (12ms)
		BackupInstance (0ms)
		ReleaseScriptingObjects (0ms)
		CreateAndSetChildDomain (49ms)
	RebuildCommonClasses (30ms)
	RebuildNativeTypeToScriptingClass (11ms)
	initialDomainReloadingComplete (25ms)
	LoadAllAssembliesAndSetupDomain (412ms)
		LoadAssemblies (286ms)
		RebuildTransferFunctionScriptingTraits (0ms)
		AnalyzeDomain (179ms)
			TypeCache.Refresh (8ms)
				TypeCache.ScanAssembly (0ms)
			BuildScriptInfoCaches (157ms)
			ResolveRequiredComponents (9ms)
	FinalizeReload (666ms)
		ReleaseScriptCaches (0ms)
		RebuildScriptCaches (0ms)
		SetupLoadedEditorAssemblies (501ms)
			LogAssemblyErrors (0ms)
			InitializePlatformSupportModulesInManaged (2ms)
			SetLoadedEditorAssemblies (7ms)
			BeforeProcessingInitializeOnLoad (109ms)
			ProcessInitializeOnLoadAttributes (314ms)
			ProcessInitializeOnLoadMethodAttributes (63ms)
			AfterProcessingInitializeOnLoad (6ms)
			EditorAssembliesLoaded (0ms)
		ExecutionOrderSort2 (0ms)
		AwakeInstancesAfterBackupRestoration (12ms)
Refreshing native plugins compatible for Editor in 1.88 ms, found 4 plugins.
Preloading 0 native plugins for Editor in 0.00 ms.
Unloading 24 Unused Serialized files (Serialized files now loaded: 0)
Unloading 6827 unused Assets / (5.8 MB). Loaded Objects now: 7582.
Memory consumption went from 155.9 MB to 150.1 MB.
Total: 9.625500 ms (FindLiveObjects: 0.749900 ms CreateObjectMapping: 0.908300 ms MarkObjects: 5.047000 ms  DeleteObjects: 2.918900 ms)

Prepare: number of updated asset objects reloaded= 0
========================================================================
Received Prepare
Begin MonoManager ReloadAssembly
Duplicate assembly 'log4net.dll' with different versions detected, using 'Packages/com.unity.package-validation-suite/Lib/Editor/log4net.dll, AssemblyName=log4net, Version=2.0.8.0, Culture=neutral, PublicKeyToken=669e0ddf0bb1aa2a' and ignoring 'Packages/com.unity.collab-proxy/Lib/Editor/log4netPlastic.dll, AssemblyName=log4net, Version=1.2.15.0, Culture=neutral, PublicKeyToken=669e0ddf0bb1aa2a'.- Loaded All Assemblies, in  0.630 seconds
Script 'Tree' has the same name as built-in Unity component.
AddComponent and GetComponent will not work with this script.
Refreshing native plugins compatible for Editor in 1.60 ms, found 4 plugins.
Native extension for WindowsStandalone target not found
Native extension for WebGL target not found
Mono: successfully reloaded assembly
- Finished resetting the current domain, in  0.664 seconds
Domain Reload Profiling: 1293ms
	BeginReloadAssembly (151ms)
		ExecutionOrderSort (0ms)
		DisableScriptedObjects (12ms)
		BackupInstance (0ms)
		ReleaseScriptingObjects (0ms)
		CreateAndSetChildDomain (44ms)
	RebuildCommonClasses (30ms)
	RebuildNativeTypeToScriptingClass (11ms)
	initialDomainReloadingComplete (25ms)
	LoadAllAssembliesAndSetupDomain (411ms)
		LoadAssemblies (291ms)
		RebuildTransferFunctionScriptingTraits (0ms)
		AnalyzeDomain (173ms)
			TypeCache.Refresh (7ms)
				TypeCache.ScanAssembly (0ms)
			BuildScriptInfoCaches (153ms)
			ResolveRequiredComponents (9ms)
	FinalizeReload (665ms)
		ReleaseScriptCaches (0ms)
		RebuildScriptCaches (0ms)
		SetupLoadedEditorAssemblies (497ms)
			LogAssemblyErrors (0ms)
			InitializePlatformSupportModulesInManaged (2ms)
			SetLoadedEditorAssemblies (6ms)
			BeforeProcessingInitializeOnLoad (109ms)
			ProcessInitializeOnLoadAttributes (310ms)
			ProcessInitializeOnLoadMethodAttributes (63ms)
			AfterProcessingInitializeOnLoad (6ms)
			EditorAssembliesLoaded (0ms)
		ExecutionOrderSort2 (0ms)
		AwakeInstancesAfterBackupRestoration (12ms)
Refreshing native plugins compatible for Editor in 1.94 ms, found 4 plugins.
Preloading 0 native plugins for Editor in 0.00 ms.
Unloading 24 Unused Serialized files (Serialized files now loaded: 0)
Unloading 6827 unused Assets / (6.1 MB). Loaded Objects now: 7584.
Memory consumption went from 158.7 MB to 152.6 MB.
Total: 8.924100 ms (FindLiveObjects: 0.806400 ms CreateObjectMapping: 0.624700 ms MarkObjects: 4.492300 ms  DeleteObjects: 2.998200 ms)

Prepare: number of updated asset objects reloaded= 0
========================================================================
Received Prepare
Script 'Tree' has the same name as built-in Unity component.
AddComponent and GetComponent will not work with this script.
Refreshing native plugins compatible for Editor in 1.68 ms, found 4 plugins.
Preloading 0 native plugins for Editor in 0.00 ms.
Unloading 24 Unused Serialized files (Serialized files now loaded: 0)
Unloading 6816 unused Assets / (4.9 MB). Loaded Objects now: 7584.
Memory consumption went from 161.8 MB to 156.8 MB.
Total: 11.310100 ms (FindLiveObjects: 0.973900 ms CreateObjectMapping: 1.028700 ms MarkObjects: 6.859500 ms  DeleteObjects: 2.447200 ms)

Prepare: number of updated asset objects reloaded= 0
========================================================================
Received Prepare
Begin MonoManager ReloadAssembly
Duplicate assembly 'log4net.dll' with different versions detected, using 'Packages/com.unity.package-validation-suite/Lib/Editor/log4net.dll, AssemblyName=log4net, Version=2.0.8.0, Culture=neutral, PublicKeyToken=669e0ddf0bb1aa2a' and ignoring 'Packages/com.unity.collab-proxy/Lib/Editor/log4netPlastic.dll, AssemblyName=log4net, Version=1.2.15.0, Culture=neutral, PublicKeyToken=669e0ddf0bb1aa2a'.- Loaded All Assemblies, in  1.012 seconds
Script 'Tree' has the same name as built-in Unity component.
AddComponent and GetComponent will not work with this script.
Refreshing native plugins compatible for Editor in 2.48 ms, found 4 plugins.
Native extension for WindowsStandalone target not found
Native extension for WebGL target not found
Mono: successfully reloaded assembly
- Finished resetting the current domain, in  1.058 seconds
Domain Reload Profiling: 2067ms
	BeginReloadAssembly (257ms)
		ExecutionOrderSort (0ms)
		DisableScriptedObjects (30ms)
		BackupInstance (0ms)
		ReleaseScriptingObjects (0ms)
		CreateAndSetChildDomain (66ms)
	RebuildCommonClasses (58ms)
	RebuildNativeTypeToScriptingClass (19ms)
	initialDomainReloadingComplete (40ms)
	LoadAllAssembliesAndSetupDomain (635ms)
		LoadAssemblies (429ms)
		RebuildTransferFunctionScriptingTraits (0ms)
		AnalyzeDomain (294ms)
			TypeCache.Refresh (13ms)
				TypeCache.ScanAssembly (1ms)
			BuildScriptInfoCaches (265ms)
			ResolveRequiredComponents (12ms)
	FinalizeReload (1059ms)
		ReleaseScriptCaches (0ms)
		RebuildScriptCaches (0ms)
		SetupLoadedEditorAssemblies (770ms)
			LogAssemblyErrors (0ms)
			InitializePlatformSupportModulesInManaged (3ms)
			SetLoadedEditorAssemblies (8ms)
			BeforeProcessingInitializeOnLoad (155ms)
			ProcessInitializeOnLoadAttributes (500ms)
			ProcessInitializeOnLoadMethodAttributes (96ms)
			AfterProcessingInitializeOnLoad (7ms)
			EditorAssembliesLoaded (0ms)
		ExecutionOrderSort2 (0ms)
		AwakeInstancesAfterBackupRestoration (16ms)
Refreshing native plugins compatible for Editor in 2.43 ms, found 4 plugins.
Preloading 0 native plugins for Editor in 0.00 ms.
Unloading 24 Unused Serialized files (Serialized files now loaded: 0)
Unloading 6827 unused Assets / (4.9 MB). Loaded Objects now: 7586.
Memory consumption went from 164.5 MB to 159.6 MB.
Total: 10.013000 ms (FindLiveObjects: 0.694000 ms CreateObjectMapping: 0.819800 ms MarkObjects: 5.920000 ms  DeleteObjects: 2.577700 ms)

Prepare: number of updated asset objects reloaded= 0
========================================================================
Received Prepare
Script 'Tree' has the same name as built-in Unity component.
AddComponent and GetComponent will not work with this script.
Refreshing native plugins compatible for Editor in 2.18 ms, found 4 plugins.
Preloading 0 native plugins for Editor in 0.00 ms.
Unloading 24 Unused Serialized files (Serialized files now loaded: 0)
Unloading 6816 unused Assets / (7.1 MB). Loaded Objects now: 7586.
Memory consumption went from 167.5 MB to 160.4 MB.
Total: 12.047400 ms (FindLiveObjects: 0.821400 ms CreateObjectMapping: 0.999800 ms MarkObjects: 6.492600 ms  DeleteObjects: 3.732700 ms)

Prepare: number of updated asset objects reloaded= 0
========================================================================
Received Prepare
Begin MonoManager ReloadAssembly
Duplicate assembly 'log4net.dll' with different versions detected, using 'Packages/com.unity.package-validation-suite/Lib/Editor/log4net.dll, AssemblyName=log4net, Version=2.0.8.0, Culture=neutral, PublicKeyToken=669e0ddf0bb1aa2a' and ignoring 'Packages/com.unity.collab-proxy/Lib/Editor/log4netPlastic.dll, AssemblyName=log4net, Version=1.2.15.0, Culture=neutral, PublicKeyToken=669e0ddf0bb1aa2a'.- Loaded All Assemblies, in  0.885 seconds
Script 'Tree' has the same name as built-in Unity component.
AddComponent and GetComponent will not work with this script.
Refreshing native plugins compatible for Editor in 2.22 ms, found 4 plugins.
Native extension for WindowsStandalone target not found
Native extension for WebGL target not found
Mono: successfully reloaded assembly
- Finished resetting the current domain, in  0.962 seconds
Domain Reload Profiling: 1845ms
	BeginReloadAssembly (207ms)
		ExecutionOrderSort (0ms)
		DisableScriptedObjects (20ms)
		BackupInstance (0ms)
		ReleaseScriptingObjects (0ms)
		CreateAndSetChildDomain (53ms)
	RebuildCommonClasses (53ms)
	RebuildNativeTypeToScriptingClass (19ms)
	initialDomainReloadingComplete (37ms)
	LoadAllAssembliesAndSetupDomain (568ms)
		LoadAssemblies (396ms)
		RebuildTransferFunctionScriptingTraits (0ms)
		AnalyzeDomain (249ms)
			TypeCache.Refresh (12ms)
				TypeCache.ScanAssembly (1ms)
			BuildScriptInfoCaches (220ms)
			ResolveRequiredComponents (12ms)
	FinalizeReload (962ms)
		ReleaseScriptCaches (0ms)
		RebuildScriptCaches (0ms)
		SetupLoadedEditorAssemblies (690ms)
			LogAssemblyErrors (0ms)
			InitializePlatformSupportModulesInManaged (4ms)
			SetLoadedEditorAssemblies (8ms)
			BeforeProcessingInitializeOnLoad (148ms)
			ProcessInitializeOnLoadAttributes (446ms)
			ProcessInitializeOnLoadMethodAttributes (75ms)
			AfterProcessingInitializeOnLoad (8ms)
			EditorAssembliesLoaded (0ms)
		ExecutionOrderSort2 (0ms)
		AwakeInstancesAfterBackupRestoration (21ms)
Refreshing native plugins compatible for Editor in 2.79 ms, found 4 plugins.
Preloading 0 native plugins for Editor in 0.00 ms.
Unloading 24 Unused Serialized files (Serialized files now loaded: 0)
Unloading 6827 unused Assets / (4.9 MB). Loaded Objects now: 7588.
Memory consumption went from 170.3 MB to 165.4 MB.
Total: 10.337100 ms (FindLiveObjects: 0.871700 ms CreateObjectMapping: 0.787800 ms MarkObjects: 6.547000 ms  DeleteObjects: 2.129600 ms)

Prepare: number of updated asset objects reloaded= 0
========================================================================
Received Prepare
Script 'Tree' has the same name as built-in Unity component.
AddComponent and GetComponent will not work with this script.
Refreshing native plugins compatible for Editor in 2.28 ms, found 4 plugins.
Preloading 0 native plugins for Editor in 0.00 ms.
Unloading 24 Unused Serialized files (Serialized files now loaded: 0)
Unloading 6816 unused Assets / (6.9 MB). Loaded Objects now: 7588.
Memory consumption went from 173.3 MB to 166.4 MB.
Total: 11.967600 ms (FindLiveObjects: 0.879400 ms CreateObjectMapping: 1.026000 ms MarkObjects: 6.360500 ms  DeleteObjects: 3.700500 ms)

Prepare: number of updated asset objects reloaded= 0
========================================================================
Received Prepare
Begin MonoManager ReloadAssembly
Duplicate assembly 'log4net.dll' with different versions detected, using 'Packages/com.unity.package-validation-suite/Lib/Editor/log4net.dll, AssemblyName=log4net, Version=2.0.8.0, Culture=neutral, PublicKeyToken=669e0ddf0bb1aa2a' and ignoring 'Packages/com.unity.collab-proxy/Lib/Editor/log4netPlastic.dll, AssemblyName=log4net, Version=1.2.15.0, Culture=neutral, PublicKeyToken=669e0ddf0bb1aa2a'.- Loaded All Assemblies, in  0.979 seconds
Script 'Tree' has the same name as built-in Unity component.
AddComponent and GetComponent will not work with this script.
Refreshing native plugins compatible for Editor in 3.11 ms, found 4 plugins.
Native extension for WindowsStandalone target not found
Native extension for WebGL target not found
Mono: successfully reloaded assembly
- Finished resetting the current domain, in  0.953 seconds
Domain Reload Profiling: 1929ms
	BeginReloadAssembly (245ms)
		ExecutionOrderSort (0ms)
		DisableScriptedObjects (16ms)
		BackupInstance (0ms)
		ReleaseScriptingObjects (0ms)
		CreateAndSetChildDomain (65ms)
	RebuildCommonClasses (61ms)
	RebuildNativeTypeToScriptingClass (21ms)
	initialDomainReloadingComplete (38ms)
	LoadAllAssembliesAndSetupDomain (612ms)
		LoadAssemblies (433ms)
		RebuildTransferFunctionScriptingTraits (0ms)
		AnalyzeDomain (277ms)
			TypeCache.Refresh (13ms)
				TypeCache.ScanAssembly (1ms)
			BuildScriptInfoCaches (246ms)
			ResolveRequiredComponents (13ms)
	FinalizeReload (953ms)
		ReleaseScriptCaches (0ms)
		RebuildScriptCaches (0ms)
		SetupLoadedEditorAssemblies (698ms)
			LogAssemblyErrors (0ms)
			InitializePlatformSupportModulesInManaged (3ms)
			SetLoadedEditorAssemblies (7ms)
			BeforeProcessingInitializeOnLoad (157ms)
			ProcessInitializeOnLoadAttributes (456ms)
			ProcessInitializeOnLoadMethodAttributes (65ms)
			AfterProcessingInitializeOnLoad (10ms)
			EditorAssembliesLoaded (0ms)
		ExecutionOrderSort2 (0ms)
		AwakeInstancesAfterBackupRestoration (18ms)
Refreshing native plugins compatible for Editor in 1.58 ms, found 4 plugins.
Preloading 0 native plugins for Editor in 0.00 ms.
Unloading 24 Unused Serialized files (Serialized files now loaded: 0)
Unloading 6827 unused Assets / (6.6 MB). Loaded Objects now: 7590.
Memory consumption went from 176.0 MB to 169.4 MB.
Total: 10.607500 ms (FindLiveObjects: 0.831800 ms CreateObjectMapping: 0.633900 ms MarkObjects: 5.646000 ms  DeleteObjects: 3.495100 ms)

Prepare: number of updated asset objects reloaded= 0
========================================================================
Received Prepare
Script 'Tree' has the same name as built-in Unity component.
AddComponent and GetComponent will not work with this script.
Refreshing native plugins compatible for Editor in 2.79 ms, found 4 plugins.
Preloading 0 native plugins for Editor in 0.00 ms.
Unloading 24 Unused Serialized files (Serialized files now loaded: 0)
Unloading 6816 unused Assets / (5.4 MB). Loaded Objects now: 7590.
Memory consumption went from 179.1 MB to 173.7 MB.
Total: 15.517800 ms (FindLiveObjects: 1.338500 ms CreateObjectMapping: 1.625600 ms MarkObjects: 8.997200 ms  DeleteObjects: 3.554400 ms)

Prepare: number of updated asset objects reloaded= 0
========================================================================
Received Prepare
Begin MonoManager ReloadAssembly
Duplicate assembly 'log4net.dll' with different versions detected, using 'Packages/com.unity.package-validation-suite/Lib/Editor/log4net.dll, AssemblyName=log4net, Version=2.0.8.0, Culture=neutral, PublicKeyToken=669e0ddf0bb1aa2a' and ignoring 'Packages/com.unity.collab-proxy/Lib/Editor/log4netPlastic.dll, AssemblyName=log4net, Version=1.2.15.0, Culture=neutral, PublicKeyToken=669e0ddf0bb1aa2a'.- Loaded All Assemblies, in  0.967 seconds
Script 'Tree' has the same name as built-in Unity component.
AddComponent and GetComponent will not work with this script.
Refreshing native plugins compatible for Editor in 3.43 ms, found 4 plugins.
Native extension for WindowsStandalone target not found
Native extension for WebGL target not found
Mono: successfully reloaded assembly
- Finished resetting the current domain, in  0.960 seconds
Domain Reload Profiling: 1925ms
	BeginReloadAssembly (182ms)
		ExecutionOrderSort (0ms)
		DisableScriptedObjects (11ms)
		BackupInstance (0ms)
		ReleaseScriptingObjects (0ms)
		CreateAndSetChildDomain (44ms)
	RebuildCommonClasses (64ms)
	RebuildNativeTypeToScriptingClass (18ms)
	initialDomainReloadingComplete (48ms)
	LoadAllAssembliesAndSetupDomain (652ms)
		LoadAssemblies (412ms)
		RebuildTransferFunctionScriptingTraits (0ms)
		AnalyzeDomain (315ms)
			TypeCache.Refresh (13ms)
				TypeCache.ScanAssembly (1ms)
			BuildScriptInfoCaches (271ms)
			ResolveRequiredComponents (24ms)
	FinalizeReload (960ms)
		ReleaseScriptCaches (0ms)
		RebuildScriptCaches (0ms)
		SetupLoadedEditorAssemblies (702ms)
			LogAssemblyErrors (0ms)
			InitializePlatformSupportModulesInManaged (2ms)
			SetLoadedEditorAssemblies (8ms)
			BeforeProcessingInitializeOnLoad (148ms)
			ProcessInitializeOnLoadAttributes (471ms)
			ProcessInitializeOnLoadMethodAttributes (64ms)
			AfterProcessingInitializeOnLoad (7ms)
			EditorAssembliesLoaded (0ms)
		ExecutionOrderSort2 (0ms)
		AwakeInstancesAfterBackupRestoration (28ms)
Refreshing native plugins compatible for Editor in 2.39 ms, found 4 plugins.
Preloading 0 native plugins for Editor in 0.00 ms.
Unloading 24 Unused Serialized files (Serialized files now loaded: 0)
Unloading 6827 unused Assets / (6.7 MB). Loaded Objects now: 7592.
Memory consumption went from 181.7 MB to 175.0 MB.
Total: 11.840300 ms (FindLiveObjects: 0.877900 ms CreateObjectMapping: 1.049800 ms MarkObjects: 6.451200 ms  DeleteObjects: 3.460400 ms)

Prepare: number of updated asset objects reloaded= 0
========================================================================
Received Prepare
Script 'Tree' has the same name as built-in Unity component.
AddComponent and GetComponent will not work with this script.
Refreshing native plugins compatible for Editor in 1.69 ms, found 4 plugins.
Preloading 0 native plugins for Editor in 0.00 ms.
Unloading 24 Unused Serialized files (Serialized files now loaded: 0)
Unloading 6816 unused Assets / (6.6 MB). Loaded Objects now: 7592.
Memory consumption went from 184.8 MB to 178.1 MB.
Total: 14.738700 ms (FindLiveObjects: 1.010900 ms CreateObjectMapping: 1.130900 ms MarkObjects: 8.374300 ms  DeleteObjects: 4.221400 ms)

Prepare: number of updated asset objects reloaded= 0
========================================================================
Received Prepare
Begin MonoManager ReloadAssembly
Duplicate assembly 'log4net.dll' with different versions detected, using 'Packages/com.unity.package-validation-suite/Lib/Editor/log4net.dll, AssemblyName=log4net, Version=2.0.8.0, Culture=neutral, PublicKeyToken=669e0ddf0bb1aa2a' and ignoring 'Packages/com.unity.collab-proxy/Lib/Editor/log4netPlastic.dll, AssemblyName=log4net, Version=1.2.15.0, Culture=neutral, PublicKeyToken=669e0ddf0bb1aa2a'.- Loaded All Assemblies, in  0.917 seconds
Script 'Tree' has the same name as built-in Unity component.
AddComponent and GetComponent will not work with this script.
Refreshing native plugins compatible for Editor in 2.11 ms, found 4 plugins.
Native extension for WindowsStandalone target not found
Native extension for WebGL target not found
Mono: successfully reloaded assembly
- Finished resetting the current domain, in  0.917 seconds
Domain Reload Profiling: 1831ms
	BeginReloadAssembly (206ms)
		ExecutionOrderSort (0ms)
		DisableScriptedObjects (18ms)
		BackupInstance (0ms)
		ReleaseScriptingObjects (0ms)
		CreateAndSetChildDomain (54ms)
	RebuildCommonClasses (52ms)
	RebuildNativeTypeToScriptingClass (20ms)
	initialDomainReloadingComplete (38ms)
	LoadAllAssembliesAndSetupDomain (598ms)
		LoadAssemblies (401ms)
		RebuildTransferFunctionScriptingTraits (0ms)
		AnalyzeDomain (273ms)
			TypeCache.Refresh (10ms)
				TypeCache.ScanAssembly (0ms)
			BuildScriptInfoCaches (244ms)
			ResolveRequiredComponents (14ms)
	FinalizeReload (918ms)
		ReleaseScriptCaches (0ms)
		RebuildScriptCaches (0ms)
		SetupLoadedEditorAssemblies (698ms)
			LogAssemblyErrors (0ms)
			InitializePlatformSupportModulesInManaged (3ms)
			SetLoadedEditorAssemblies (8ms)
			BeforeProcessingInitializeOnLoad (145ms)
			ProcessInitializeOnLoadAttributes (449ms)
			ProcessInitializeOnLoadMethodAttributes (85ms)
			AfterProcessingInitializeOnLoad (8ms)
			EditorAssembliesLoaded (0ms)
		ExecutionOrderSort2 (0ms)
		AwakeInstancesAfterBackupRestoration (14ms)
Refreshing native plugins compatible for Editor in 2.12 ms, found 4 plugins.
Preloading 0 native plugins for Editor in 0.00 ms.
Unloading 24 Unused Serialized files (Serialized files now loaded: 0)
Unloading 6827 unused Assets / (5.5 MB). Loaded Objects now: 7594.
Memory consumption went from 187.6 MB to 182.0 MB.
Total: 9.385000 ms (FindLiveObjects: 0.647100 ms CreateObjectMapping: 0.612700 ms MarkObjects: 5.188200 ms  DeleteObjects: 2.936200 ms)

Prepare: number of updated asset objects reloaded= 0
========================================================================
Received Prepare
Script 'Tree' has the same name as built-in Unity component.
AddComponent and GetComponent will not work with this script.
Refreshing native plugins compatible for Editor in 1.67 ms, found 4 plugins.
Preloading 0 native plugins for Editor in 0.00 ms.
Unloading 24 Unused Serialized files (Serialized files now loaded: 0)
Unloading 6816 unused Assets / (5.6 MB). Loaded Objects now: 7594.
Memory consumption went from 190.6 MB to 185.0 MB.
Total: 10.286100 ms (FindLiveObjects: 0.694500 ms CreateObjectMapping: 0.639200 ms MarkObjects: 5.855200 ms  DeleteObjects: 3.096000 ms)

Prepare: number of updated asset objects reloaded= 0
========================================================================
Received Prepare
Begin MonoManager ReloadAssembly
Duplicate assembly 'log4net.dll' with different versions detected, using 'Packages/com.unity.package-validation-suite/Lib/Editor/log4net.dll, AssemblyName=log4net, Version=2.0.8.0, Culture=neutral, PublicKeyToken=669e0ddf0bb1aa2a' and ignoring 'Packages/com.unity.collab-proxy/Lib/Editor/log4netPlastic.dll, AssemblyName=log4net, Version=1.2.15.0, Culture=neutral, PublicKeyToken=669e0ddf0bb1aa2a'.- Loaded All Assemblies, in  0.852 seconds
Script 'Tree' has the same name as built-in Unity component.
AddComponent and GetComponent will not work with this script.
Refreshing native plugins compatible for Editor in 1.89 ms, found 4 plugins.
Native extension for WindowsStandalone target not found
Native extension for WebGL target not found
Mono: successfully reloaded assembly
- Finished resetting the current domain, in  0.901 seconds
Domain Reload Profiling: 1750ms
	BeginReloadAssembly (212ms)
		ExecutionOrderSort (0ms)
		DisableScriptedObjects (19ms)
		BackupInstance (0ms)
		ReleaseScriptingObjects (0ms)
		CreateAndSetChildDomain (55ms)
	RebuildCommonClasses (45ms)
	RebuildNativeTypeToScriptingClass (11ms)
	initialDomainReloadingComplete (33ms)
	LoadAllAssembliesAndSetupDomain (548ms)
		LoadAssemblies (394ms)
		RebuildTransferFunctionScriptingTraits (0ms)
		AnalyzeDomain (235ms)
			TypeCache.Refresh (15ms)
				TypeCache.ScanAssembly (1ms)
			BuildScriptInfoCaches (205ms)
			ResolveRequiredComponents (11ms)
	FinalizeReload (901ms)
		ReleaseScriptCaches (0ms)
		RebuildScriptCaches (0ms)
		SetupLoadedEditorAssemblies (669ms)
			LogAssemblyErrors (0ms)
			InitializePlatformSupportModulesInManaged (3ms)
			SetLoadedEditorAssemblies (8ms)
			BeforeProcessingInitializeOnLoad (155ms)
			ProcessInitializeOnLoadAttributes (439ms)
			ProcessInitializeOnLoadMethodAttributes (58ms)
			AfterProcessingInitializeOnLoad (6ms)
			EditorAssembliesLoaded (0ms)
		ExecutionOrderSort2 (0ms)
		AwakeInstancesAfterBackupRestoration (16ms)
Refreshing native plugins compatible for Editor in 1.74 ms, found 4 plugins.
Preloading 0 native plugins for Editor in 0.00 ms.
Unloading 24 Unused Serialized files (Serialized files now loaded: 0)
Unloading 6827 unused Assets / (5.4 MB). Loaded Objects now: 7596.
Memory consumption went from 193.3 MB to 187.9 MB.
Total: 12.712700 ms (FindLiveObjects: 1.142600 ms CreateObjectMapping: 1.086000 ms MarkObjects: 6.964500 ms  DeleteObjects: 3.519100 ms)

Prepare: number of updated asset objects reloaded= 0
========================================================================
Received Prepare
Script 'Tree' has the same name as built-in Unity component.
AddComponent and GetComponent will not work with this script.
Refreshing native plugins compatible for Editor in 1.65 ms, found 4 plugins.
Preloading 0 native plugins for Editor in 0.00 ms.
Unloading 24 Unused Serialized files (Serialized files now loaded: 0)
Unloading 6816 unused Assets / (5.4 MB). Loaded Objects now: 7596.
Memory consumption went from 196.4 MB to 190.9 MB.
Total: 11.418100 ms (FindLiveObjects: 0.673500 ms CreateObjectMapping: 0.573200 ms MarkObjects: 7.012200 ms  DeleteObjects: 3.157900 ms)

Prepare: number of updated asset objects reloaded= 0
========================================================================
Received Prepare
Begin MonoManager ReloadAssembly
Duplicate assembly 'log4net.dll' with different versions detected, using 'Packages/com.unity.package-validation-suite/Lib/Editor/log4net.dll, AssemblyName=log4net, Version=2.0.8.0, Culture=neutral, PublicKeyToken=669e0ddf0bb1aa2a' and ignoring 'Packages/com.unity.collab-proxy/Lib/Editor/log4netPlastic.dll, AssemblyName=log4net, Version=1.2.15.0, Culture=neutral, PublicKeyToken=669e0ddf0bb1aa2a'.- Loaded All Assemblies, in  0.924 seconds
Script 'Tree' has the same name as built-in Unity component.
AddComponent and GetComponent will not work with this script.
Refreshing native plugins compatible for Editor in 2.16 ms, found 4 plugins.
Native extension for WindowsStandalone target not found
Native extension for WebGL target not found
Mono: successfully reloaded assembly
- Finished resetting the current domain, in  0.981 seconds
Domain Reload Profiling: 1905ms
	BeginReloadAssembly (215ms)
		ExecutionOrderSort (0ms)
		DisableScriptedObjects (16ms)
		BackupInstance (0ms)
		ReleaseScriptingObjects (0ms)
		CreateAndSetChildDomain (47ms)
	RebuildCommonClasses (49ms)
	RebuildNativeTypeToScriptingClass (18ms)
	initialDomainReloadingComplete (41ms)
	LoadAllAssembliesAndSetupDomain (600ms)
		LoadAssemblies (428ms)
		RebuildTransferFunctionScriptingTraits (0ms)
		AnalyzeDomain (267ms)
			TypeCache.Refresh (13ms)
				TypeCache.ScanAssembly (1ms)
			BuildScriptInfoCaches (236ms)
			ResolveRequiredComponents (13ms)
	FinalizeReload (982ms)
		ReleaseScriptCaches (0ms)
		RebuildScriptCaches (0ms)
		SetupLoadedEditorAssemblies (722ms)
			LogAssemblyErrors (0ms)
			InitializePlatformSupportModulesInManaged (3ms)
			SetLoadedEditorAssemblies (9ms)
			BeforeProcessingInitializeOnLoad (183ms)
			ProcessInitializeOnLoadAttributes (433ms)
			ProcessInitializeOnLoadMethodAttributes (85ms)
			AfterProcessingInitializeOnLoad (9ms)
			EditorAssembliesLoaded (1ms)
		ExecutionOrderSort2 (0ms)
		AwakeInstancesAfterBackupRestoration (21ms)
Refreshing native plugins compatible for Editor in 1.62 ms, found 4 plugins.
Preloading 0 native plugins for Editor in 0.00 ms.
Unloading 24 Unused Serialized files (Serialized files now loaded: 0)
Unloading 6827 unused Assets / (5.4 MB). Loaded Objects now: 7598.
Memory consumption went from 199.1 MB to 193.8 MB.
Total: 9.148100 ms (FindLiveObjects: 0.653400 ms CreateObjectMapping: 0.585700 ms MarkObjects: 4.998500 ms  DeleteObjects: 2.909800 ms)

Prepare: number of updated asset objects reloaded= 0
========================================================================
Received Prepare
Script 'Tree' has the same name as built-in Unity component.
AddComponent and GetComponent will not work with this script.
Refreshing native plugins compatible for Editor in 3.91 ms, found 4 plugins.
Preloading 0 native plugins for Editor in 0.00 ms.
Unloading 24 Unused Serialized files (Serialized files now loaded: 0)
Unloading 6816 unused Assets / (5.5 MB). Loaded Objects now: 7598.
Memory consumption went from 202.1 MB to 196.6 MB.
Total: 14.691300 ms (FindLiveObjects: 0.864200 ms CreateObjectMapping: 0.693200 ms MarkObjects: 9.780400 ms  DeleteObjects: 3.352200 ms)

Prepare: number of updated asset objects reloaded= 0
========================================================================
Received Prepare
Begin MonoManager ReloadAssembly
Duplicate assembly 'log4net.dll' with different versions detected, using 'Packages/com.unity.package-validation-suite/Lib/Editor/log4net.dll, AssemblyName=log4net, Version=2.0.8.0, Culture=neutral, PublicKeyToken=669e0ddf0bb1aa2a' and ignoring 'Packages/com.unity.collab-proxy/Lib/Editor/log4netPlastic.dll, AssemblyName=log4net, Version=1.2.15.0, Culture=neutral, PublicKeyToken=669e0ddf0bb1aa2a'.- Loaded All Assemblies, in  1.074 seconds
Script 'Tree' has the same name as built-in Unity component.
AddComponent and GetComponent will not work with this script.
Refreshing native plugins compatible for Editor in 2.21 ms, found 4 plugins.
Native extension for WindowsStandalone target not found
Native extension for WebGL target not found
Mono: successfully reloaded assembly
- Finished resetting the current domain, in  0.930 seconds
Domain Reload Profiling: 2000ms
	BeginReloadAssembly (218ms)
		ExecutionOrderSort (0ms)
		DisableScriptedObjects (13ms)
		BackupInstance (0ms)
		ReleaseScriptingObjects (0ms)
		CreateAndSetChildDomain (59ms)
	RebuildCommonClasses (57ms)
	RebuildNativeTypeToScriptingClass (18ms)
	initialDomainReloadingComplete (37ms)
	LoadAllAssembliesAndSetupDomain (741ms)
		LoadAssemblies (574ms)
		RebuildTransferFunctionScriptingTraits (0ms)
		AnalyzeDomain (254ms)
			TypeCache.Refresh (11ms)
				TypeCache.ScanAssembly (0ms)
			BuildScriptInfoCaches (224ms)
			ResolveRequiredComponents (13ms)
	FinalizeReload (930ms)
		ReleaseScriptCaches (0ms)
		RebuildScriptCaches (0ms)
		SetupLoadedEditorAssemblies (685ms)
			LogAssemblyErrors (0ms)
			InitializePlatformSupportModulesInManaged (3ms)
			SetLoadedEditorAssemblies (7ms)
			BeforeProcessingInitializeOnLoad (169ms)
			ProcessInitializeOnLoadAttributes (425ms)
			ProcessInitializeOnLoadMethodAttributes (71ms)
			AfterProcessingInitializeOnLoad (10ms)
			EditorAssembliesLoaded (0ms)
		ExecutionOrderSort2 (0ms)
		AwakeInstancesAfterBackupRestoration (17ms)
Refreshing native plugins compatible for Editor in 1.70 ms, found 4 plugins.
Preloading 0 native plugins for Editor in 0.00 ms.
Unloading 24 Unused Serialized files (Serialized files now loaded: 0)
Unloading 6827 unused Assets / (5.4 MB). Loaded Objects now: 7600.
Memory consumption went from 204.9 MB to 199.5 MB.
Total: 10.291800 ms (FindLiveObjects: 0.663200 ms CreateObjectMapping: 0.589300 ms MarkObjects: 6.348000 ms  DeleteObjects: 2.690300 ms)

Prepare: number of updated asset objects reloaded= 0
========================================================================
Received Prepare
Script 'Tree' has the same name as built-in Unity component.
AddComponent and GetComponent will not work with this script.
Refreshing native plugins compatible for Editor in 4.90 ms, found 4 plugins.
Preloading 0 native plugins for Editor in 0.00 ms.
Unloading 24 Unused Serialized files (Serialized files now loaded: 0)
Unloading 6816 unused Assets / (5.5 MB). Loaded Objects now: 7600.
Memory consumption went from 207.9 MB to 202.4 MB.
Total: 19.615900 ms (FindLiveObjects: 0.953700 ms CreateObjectMapping: 0.811300 ms MarkObjects: 13.845300 ms  DeleteObjects: 4.004000 ms)

Prepare: number of updated asset objects reloaded= 0
========================================================================
Received Import Request.
  Time since last request: 5072.185185 seconds.
  path: Assets/Scprits/System/CameraChecker.cs
  artifactKey: Guid(324313a9e880dc7438b76ac2f7eaea42) Importer(815301076,1909f56bfc062723c751e8b465ee728b)
Start importing Assets/Scprits/System/CameraChecker.cs using Guid(324313a9e880dc7438b76ac2f7eaea42) Importer(815301076,1909f56bfc062723c751e8b465ee728b) (PreviewImporter) -> (artifact id: '31b02dc84cb4c98c3e7cd6915284b71f') in 0.0021967 seconds
Number of updated asset objects reloaded before import = 0Number of asset objects unloaded after import = 0

========================================================================
Received Prepare
Begin MonoManager ReloadAssembly
Duplicate assembly 'log4net.dll' with different versions detected, using 'Packages/com.unity.package-validation-suite/Lib/Editor/log4net.dll, AssemblyName=log4net, Version=2.0.8.0, Culture=neutral, PublicKeyToken=669e0ddf0bb1aa2a' and ignoring 'Packages/com.unity.collab-proxy/Lib/Editor/log4netPlastic.dll, AssemblyName=log4net, Version=1.2.15.0, Culture=neutral, PublicKeyToken=669e0ddf0bb1aa2a'.- Loaded All Assemblies, in  0.996 seconds
Script 'Tree' has the same name as built-in Unity component.
AddComponent and GetComponent will not work with this script.
Refreshing native plugins compatible for Editor in 2.15 ms, found 4 plugins.
Native extension for WindowsStandalone target not found
Native extension for WebGL target not found
Mono: successfully reloaded assembly
- Finished resetting the current domain, in  0.916 seconds
Domain Reload Profiling: 1905ms
	BeginReloadAssembly (233ms)
		ExecutionOrderSort (0ms)
		DisableScriptedObjects (22ms)
		BackupInstance (0ms)
		ReleaseScriptingObjects (0ms)
		CreateAndSetChildDomain (64ms)
	RebuildCommonClasses (43ms)
	RebuildNativeTypeToScriptingClass (19ms)
	initialDomainReloadingComplete (51ms)
	LoadAllAssembliesAndSetupDomain (643ms)
		LoadAssemblies (407ms)
		RebuildTransferFunctionScriptingTraits (0ms)
		AnalyzeDomain (317ms)
			TypeCache.Refresh (15ms)
				TypeCache.ScanAssembly (1ms)
			BuildScriptInfoCaches (277ms)
			ResolveRequiredComponents (19ms)
	FinalizeReload (917ms)
		ReleaseScriptCaches (0ms)
		RebuildScriptCaches (0ms)
		SetupLoadedEditorAssemblies (679ms)
			LogAssemblyErrors (0ms)
			InitializePlatformSupportModulesInManaged (3ms)
			SetLoadedEditorAssemblies (6ms)
			BeforeProcessingInitializeOnLoad (147ms)
			ProcessInitializeOnLoadAttributes (444ms)
			ProcessInitializeOnLoadMethodAttributes (71ms)
			AfterProcessingInitializeOnLoad (8ms)
			EditorAssembliesLoaded (0ms)
		ExecutionOrderSort2 (0ms)
		AwakeInstancesAfterBackupRestoration (22ms)
Refreshing native plugins compatible for Editor in 2.93 ms, found 4 plugins.
Preloading 0 native plugins for Editor in 0.00 ms.
Unloading 24 Unused Serialized files (Serialized files now loaded: 0)
Unloading 6827 unused Assets / (6.3 MB). Loaded Objects now: 7602.
Memory consumption went from 156.4 MB to 150.1 MB.
Total: 10.930900 ms (FindLiveObjects: 0.952300 ms CreateObjectMapping: 1.064300 ms MarkObjects: 5.932200 ms  DeleteObjects: 2.981200 ms)

Prepare: number of updated asset objects reloaded= 0
========================================================================
Received Prepare
Script 'Tree' has the same name as built-in Unity component.
AddComponent and GetComponent will not work with this script.
Refreshing native plugins compatible for Editor in 1.85 ms, found 4 plugins.
Preloading 0 native plugins for Editor in 0.00 ms.
Unloading 24 Unused Serialized files (Serialized files now loaded: 0)
Unloading 6816 unused Assets / (5.8 MB). Loaded Objects now: 7602.
Memory consumption went from 159.4 MB to 153.6 MB.
Total: 9.388000 ms (FindLiveObjects: 0.743400 ms CreateObjectMapping: 0.671400 ms MarkObjects: 5.335900 ms  DeleteObjects: 2.636400 ms)

Prepare: number of updated asset objects reloaded= 0
========================================================================
Received Prepare
Begin MonoManager ReloadAssembly
Duplicate assembly 'log4net.dll' with different versions detected, using 'Packages/com.unity.package-validation-suite/Lib/Editor/log4net.dll, AssemblyName=log4net, Version=2.0.8.0, Culture=neutral, PublicKeyToken=669e0ddf0bb1aa2a' and ignoring 'Packages/com.unity.collab-proxy/Lib/Editor/log4netPlastic.dll, AssemblyName=log4net, Version=1.2.15.0, Culture=neutral, PublicKeyToken=669e0ddf0bb1aa2a'.- Loaded All Assemblies, in  0.651 seconds
Script 'Tree' has the same name as built-in Unity component.
AddComponent and GetComponent will not work with this script.
Refreshing native plugins compatible for Editor in 1.52 ms, found 4 plugins.
Native extension for WindowsStandalone target not found
Native extension for WebGL target not found
Mono: successfully reloaded assembly
- Finished resetting the current domain, in  0.642 seconds
Domain Reload Profiling: 1292ms
	BeginReloadAssembly (161ms)
		ExecutionOrderSort (0ms)
		DisableScriptedObjects (12ms)
		BackupInstance (0ms)
		ReleaseScriptingObjects (0ms)
		CreateAndSetChildDomain (50ms)
	RebuildCommonClasses (43ms)
	RebuildNativeTypeToScriptingClass (12ms)
	initialDomainReloadingComplete (27ms)
	LoadAllAssembliesAndSetupDomain (408ms)
		LoadAssemblies (287ms)
		RebuildTransferFunctionScriptingTraits (0ms)
		AnalyzeDomain (177ms)
			TypeCache.Refresh (11ms)
				TypeCache.ScanAssembly (0ms)
			BuildScriptInfoCaches (154ms)
			ResolveRequiredComponents (9ms)
	FinalizeReload (643ms)
		ReleaseScriptCaches (0ms)
		RebuildScriptCaches (0ms)
		SetupLoadedEditorAssemblies (468ms)
			LogAssemblyErrors (0ms)
			InitializePlatformSupportModulesInManaged (2ms)
			SetLoadedEditorAssemblies (6ms)
			BeforeProcessingInitializeOnLoad (105ms)
			ProcessInitializeOnLoadAttributes (301ms)
			ProcessInitializeOnLoadMethodAttributes (49ms)
			AfterProcessingInitializeOnLoad (5ms)
			EditorAssembliesLoaded (0ms)
		ExecutionOrderSort2 (0ms)
		AwakeInstancesAfterBackupRestoration (13ms)
Refreshing native plugins compatible for Editor in 1.77 ms, found 4 plugins.
Preloading 0 native plugins for Editor in 0.00 ms.
Unloading 24 Unused Serialized files (Serialized files now loaded: 0)
Unloading 6827 unused Assets / (5.2 MB). Loaded Objects now: 7604.
Memory consumption went from 162.1 MB to 156.9 MB.
Total: 8.688900 ms (FindLiveObjects: 0.697400 ms CreateObjectMapping: 0.615400 ms MarkObjects: 5.058000 ms  DeleteObjects: 2.317100 ms)

Prepare: number of updated asset objects reloaded= 0
========================================================================
Received Prepare
Script 'Tree' has the same name as built-in Unity component.
AddComponent and GetComponent will not work with this script.
Refreshing native plugins compatible for Editor in 2.01 ms, found 4 plugins.
Preloading 0 native plugins for Editor in 0.00 ms.
Unloading 24 Unused Serialized files (Serialized files now loaded: 0)
Unloading 6817 unused Assets / (5.9 MB). Loaded Objects now: 7605.
Memory consumption went from 165.1 MB to 159.2 MB.
Total: 10.144800 ms (FindLiveObjects: 0.735400 ms CreateObjectMapping: 0.715300 ms MarkObjects: 6.120000 ms  DeleteObjects: 2.572800 ms)

Prepare: number of updated asset objects reloaded= 0
========================================================================
Received Import Request.
  Time since last request: 392.078438 seconds.
  path: Assets/NewMonoBehaviourScript.cs
  artifactKey: Guid(a2aeb1f0619519a4582f982f17cdebf4) Importer(815301076,1909f56bfc062723c751e8b465ee728b)
Start importing Assets/NewMonoBehaviourScript.cs using Guid(a2aeb1f0619519a4582f982f17cdebf4) Importer(815301076,1909f56bfc062723c751e8b465ee728b) (PreviewImporter) -> (artifact id: 'a759ad7b68f228b407ae24de89416d00') in 0.0022101 seconds
Number of updated asset objects reloaded before import = 0Number of asset objects unloaded after import = 0

========================================================================
Received Prepare
Script 'Tree' has the same name as built-in Unity component.
AddComponent and GetComponent will not work with this script.
Refreshing native plugins compatible for Editor in 1.83 ms, found 4 plugins.
Preloading 0 native plugins for Editor in 0.00 ms.
Unloading 24 Unused Serialized files (Serialized files now loaded: 0)
Unloading 6816 unused Assets / (5.8 MB). Loaded Objects now: 7604.
Memory consumption went from 156.5 MB to 150.7 MB.
Total: 8.252200 ms (FindLiveObjects: 0.680100 ms CreateObjectMapping: 0.763800 ms MarkObjects: 4.344700 ms  DeleteObjects: 2.463000 ms)

Prepare: number of updated asset objects reloaded= 0
========================================================================
Received Prepare
Begin MonoManager ReloadAssembly
Duplicate assembly 'log4net.dll' with different versions detected, using 'Packages/com.unity.package-validation-suite/Lib/Editor/log4net.dll, AssemblyName=log4net, Version=2.0.8.0, Culture=neutral, PublicKeyToken=669e0ddf0bb1aa2a' and ignoring 'Packages/com.unity.collab-proxy/Lib/Editor/log4netPlastic.dll, AssemblyName=log4net, Version=1.2.15.0, Culture=neutral, PublicKeyToken=669e0ddf0bb1aa2a'.- Loaded All Assemblies, in  0.681 seconds
Script 'Tree' has the same name as built-in Unity component.
AddComponent and GetComponent will not work with this script.
Refreshing native plugins compatible for Editor in 1.56 ms, found 4 plugins.
Native extension for WindowsStandalone target not found
Native extension for WebGL target not found
Mono: successfully reloaded assembly
- Finished resetting the current domain, in  0.677 seconds
Domain Reload Profiling: 1357ms
	BeginReloadAssembly (160ms)
		ExecutionOrderSort (0ms)
		DisableScriptedObjects (13ms)
		BackupInstance (0ms)
		ReleaseScriptingObjects (0ms)
		CreateAndSetChildDomain (48ms)
	RebuildCommonClasses (31ms)
	RebuildNativeTypeToScriptingClass (12ms)
	initialDomainReloadingComplete (28ms)
	LoadAllAssembliesAndSetupDomain (450ms)
		LoadAssemblies (291ms)
		RebuildTransferFunctionScriptingTraits (0ms)
		AnalyzeDomain (214ms)
			TypeCache.Refresh (7ms)
				TypeCache.ScanAssembly (0ms)
			BuildScriptInfoCaches (195ms)
			ResolveRequiredComponents (9ms)
	FinalizeReload (677ms)
		ReleaseScriptCaches (0ms)
		RebuildScriptCaches (0ms)
		SetupLoadedEditorAssemblies (502ms)
			LogAssemblyErrors (0ms)
			InitializePlatformSupportModulesInManaged (2ms)
			SetLoadedEditorAssemblies (6ms)
			BeforeProcessingInitializeOnLoad (114ms)
			ProcessInitializeOnLoadAttributes (319ms)
			ProcessInitializeOnLoadMethodAttributes (55ms)
			AfterProcessingInitializeOnLoad (6ms)
			EditorAssembliesLoaded (0ms)
		ExecutionOrderSort2 (0ms)
		AwakeInstancesAfterBackupRestoration (16ms)
Refreshing native plugins compatible for Editor in 1.72 ms, found 4 plugins.
Preloading 0 native plugins for Editor in 0.00 ms.
Unloading 24 Unused Serialized files (Serialized files now loaded: 0)
Unloading 6827 unused Assets / (5.9 MB). Loaded Objects now: 7606.
Memory consumption went from 159.2 MB to 153.3 MB.
Total: 8.289400 ms (FindLiveObjects: 0.757000 ms CreateObjectMapping: 0.738400 ms MarkObjects: 4.360300 ms  DeleteObjects: 2.432800 ms)

Prepare: number of updated asset objects reloaded= 0
========================================================================
Received Prepare
Script 'Tree' has the same name as built-in Unity component.
AddComponent and GetComponent will not work with this script.
Refreshing native plugins compatible for Editor in 1.98 ms, found 4 plugins.
Preloading 0 native plugins for Editor in 0.00 ms.
Unloading 24 Unused Serialized files (Serialized files now loaded: 0)
Unloading 6817 unused Assets / (5.8 MB). Loaded Objects now: 7607.
Memory consumption went from 162.2 MB to 156.4 MB.
Total: 8.236400 ms (FindLiveObjects: 0.711200 ms CreateObjectMapping: 0.785500 ms MarkObjects: 4.274300 ms  DeleteObjects: 2.464800 ms)

Prepare: number of updated asset objects reloaded= 0
========================================================================
Received Prepare
Begin MonoManager ReloadAssembly
Duplicate assembly 'log4net.dll' with different versions detected, using 'Packages/com.unity.package-validation-suite/Lib/Editor/log4net.dll, AssemblyName=log4net, Version=2.0.8.0, Culture=neutral, PublicKeyToken=669e0ddf0bb1aa2a' and ignoring 'Packages/com.unity.collab-proxy/Lib/Editor/log4netPlastic.dll, AssemblyName=log4net, Version=1.2.15.0, Culture=neutral, PublicKeyToken=669e0ddf0bb1aa2a'.- Loaded All Assemblies, in  1.057 seconds
Script 'Tree' has the same name as built-in Unity component.
AddComponent and GetComponent will not work with this script.
Refreshing native plugins compatible for Editor in 3.13 ms, found 4 plugins.
Native extension for WindowsStandalone target not found
Native extension for WebGL target not found
Mono: successfully reloaded assembly
- Finished resetting the current domain, in  1.205 seconds
Domain Reload Profiling: 2257ms
	BeginReloadAssembly (260ms)
		ExecutionOrderSort (0ms)
		DisableScriptedObjects (19ms)
		BackupInstance (0ms)
		ReleaseScriptingObjects (0ms)
		CreateAndSetChildDomain (60ms)
	RebuildCommonClasses (78ms)
	RebuildNativeTypeToScriptingClass (25ms)
	initialDomainReloadingComplete (52ms)
	LoadAllAssembliesAndSetupDomain (636ms)
		LoadAssemblies (459ms)
		RebuildTransferFunctionScriptingTraits (0ms)
		AnalyzeDomain (302ms)
			TypeCache.Refresh (15ms)
				TypeCache.ScanAssembly (1ms)
			BuildScriptInfoCaches (268ms)
			ResolveRequiredComponents (13ms)
	FinalizeReload (1206ms)
		ReleaseScriptCaches (0ms)
		RebuildScriptCaches (0ms)
		SetupLoadedEditorAssemblies (893ms)
			LogAssemblyErrors (0ms)
			InitializePlatformSupportModulesInManaged (3ms)
			SetLoadedEditorAssemblies (5ms)
			BeforeProcessingInitializeOnLoad (199ms)
			ProcessInitializeOnLoadAttributes (581ms)
			ProcessInitializeOnLoadMethodAttributes (96ms)
			AfterProcessingInitializeOnLoad (8ms)
			EditorAssembliesLoaded (0ms)
		ExecutionOrderSort2 (0ms)
		AwakeInstancesAfterBackupRestoration (24ms)
Refreshing native plugins compatible for Editor in 2.71 ms, found 4 plugins.
Preloading 0 native plugins for Editor in 0.00 ms.
Unloading 24 Unused Serialized files (Serialized files now loaded: 0)
Unloading 6828 unused Assets / (7.5 MB). Loaded Objects now: 7609.
Memory consumption went from 164.9 MB to 157.5 MB.
Total: 13.265700 ms (FindLiveObjects: 1.063200 ms CreateObjectMapping: 1.091400 ms MarkObjects: 6.779800 ms  DeleteObjects: 4.329800 ms)

Prepare: number of updated asset objects reloaded= 0
========================================================================
Received Import Request.
  Time since last request: 41.005545 seconds.
  path: Assets/Scprits/System/Pause.cs
  artifactKey: Guid(11bbaed1d2bf55f4f95b782913e5edad) Importer(815301076,1909f56bfc062723c751e8b465ee728b)
Start importing Assets/Scprits/System/Pause.cs using Guid(11bbaed1d2bf55f4f95b782913e5edad) Importer(815301076,1909f56bfc062723c751e8b465ee728b) (PreviewImporter) -> (artifact id: '66dd4201b8f38274ee0c412fda54db25') in 0.0020487 seconds
Number of updated asset objects reloaded before import = 0Number of asset objects unloaded after import = 0

========================================================================
Received Prepare
Script 'Tree' has the same name as built-in Unity component.
AddComponent and GetComponent will not work with this script.
Refreshing native plugins compatible for Editor in 1.70 ms, found 4 plugins.
Preloading 0 native plugins for Editor in 0.00 ms.
Unloading 24 Unused Serialized files (Serialized files now loaded: 0)
Unloading 6817 unused Assets / (5.7 MB). Loaded Objects now: 7609.
Memory consumption went from 156.5 MB to 150.9 MB.
Total: 9.677400 ms (FindLiveObjects: 0.761400 ms CreateObjectMapping: 0.701000 ms MarkObjects: 5.890400 ms  DeleteObjects: 2.323500 ms)

Prepare: number of updated asset objects reloaded= 0
========================================================================
Received Prepare
Begin MonoManager ReloadAssembly
Duplicate assembly 'log4net.dll' with different versions detected, using 'Packages/com.unity.package-validation-suite/Lib/Editor/log4net.dll, AssemblyName=log4net, Version=2.0.8.0, Culture=neutral, PublicKeyToken=669e0ddf0bb1aa2a' and ignoring 'Packages/com.unity.collab-proxy/Lib/Editor/log4netPlastic.dll, AssemblyName=log4net, Version=1.2.15.0, Culture=neutral, PublicKeyToken=669e0ddf0bb1aa2a'.- Loaded All Assemblies, in  0.912 seconds
Script 'Tree' has the same name as built-in Unity component.
AddComponent and GetComponent will not work with this script.
Refreshing native plugins compatible for Editor in 2.06 ms, found 4 plugins.
Native extension for WindowsStandalone target not found
Native extension for WebGL target not found
Mono: successfully reloaded assembly
- Finished resetting the current domain, in  0.932 seconds
Domain Reload Profiling: 1843ms
	BeginReloadAssembly (215ms)
		ExecutionOrderSort (0ms)
		DisableScriptedObjects (19ms)
		BackupInstance (0ms)
		ReleaseScriptingObjects (0ms)
		CreateAndSetChildDomain (61ms)
	RebuildCommonClasses (61ms)
	RebuildNativeTypeToScriptingClass (24ms)
	initialDomainReloadingComplete (33ms)
	LoadAllAssembliesAndSetupDomain (577ms)
		LoadAssemblies (394ms)
		RebuildTransferFunctionScriptingTraits (0ms)
		AnalyzeDomain (263ms)
			TypeCache.Refresh (13ms)
				TypeCache.ScanAssembly (1ms)
			BuildScriptInfoCaches (234ms)
			ResolveRequiredComponents (12ms)
	FinalizeReload (933ms)
		ReleaseScriptCaches (0ms)
		RebuildScriptCaches (0ms)
		SetupLoadedEditorAssemblies (678ms)
			LogAssemblyErrors (0ms)
			InitializePlatformSupportModulesInManaged (4ms)
			SetLoadedEditorAssemblies (10ms)
			BeforeProcessingInitializeOnLoad (144ms)
			ProcessInitializeOnLoadAttributes (440ms)
			ProcessInitializeOnLoadMethodAttributes (72ms)
			AfterProcessingInitializeOnLoad (8ms)
			EditorAssembliesLoaded (0ms)
		ExecutionOrderSort2 (0ms)
		AwakeInstancesAfterBackupRestoration (15ms)
Refreshing native plugins compatible for Editor in 2.21 ms, found 4 plugins.
Preloading 0 native plugins for Editor in 0.00 ms.
Unloading 24 Unused Serialized files (Serialized files now loaded: 0)
Unloading 6828 unused Assets / (6.0 MB). Loaded Objects now: 7611.
Memory consumption went from 159.2 MB to 153.2 MB.
Total: 11.732600 ms (FindLiveObjects: 0.876800 ms CreateObjectMapping: 1.003900 ms MarkObjects: 6.418400 ms  DeleteObjects: 3.432600 ms)

Prepare: number of updated asset objects reloaded= 0
========================================================================
Received Prepare
Script 'Tree' has the same name as built-in Unity component.
AddComponent and GetComponent will not work with this script.
Refreshing native plugins compatible for Editor in 1.67 ms, found 4 plugins.
Preloading 0 native plugins for Editor in 0.00 ms.
Unloading 24 Unused Serialized files (Serialized files now loaded: 0)
Unloading 6818 unused Assets / (5.7 MB). Loaded Objects now: 7612.
Memory consumption went from 162.2 MB to 156.5 MB.
Total: 9.222500 ms (FindLiveObjects: 0.714300 ms CreateObjectMapping: 0.617300 ms MarkObjects: 5.450900 ms  DeleteObjects: 2.439100 ms)

Prepare: number of updated asset objects reloaded= 0
========================================================================
Received Prepare
Begin MonoManager ReloadAssembly
Duplicate assembly 'log4net.dll' with different versions detected, using 'Packages/com.unity.package-validation-suite/Lib/Editor/log4net.dll, AssemblyName=log4net, Version=2.0.8.0, Culture=neutral, PublicKeyToken=669e0ddf0bb1aa2a' and ignoring 'Packages/com.unity.collab-proxy/Lib/Editor/log4netPlastic.dll, AssemblyName=log4net, Version=1.2.15.0, Culture=neutral, PublicKeyToken=669e0ddf0bb1aa2a'.- Loaded All Assemblies, in  0.645 seconds
Script 'Tree' has the same name as built-in Unity component.
AddComponent and GetComponent will not work with this script.
Refreshing native plugins compatible for Editor in 1.67 ms, found 4 plugins.
Native extension for WindowsStandalone target not found
Native extension for WebGL target not found
Mono: successfully reloaded assembly
- Finished resetting the current domain, in  0.693 seconds
Domain Reload Profiling: 1337ms
	BeginReloadAssembly (156ms)
		ExecutionOrderSort (0ms)
		DisableScriptedObjects (12ms)
		BackupInstance (0ms)
		ReleaseScriptingObjects (0ms)
		CreateAndSetChildDomain (43ms)
	RebuildCommonClasses (31ms)
	RebuildNativeTypeToScriptingClass (11ms)
	initialDomainReloadingComplete (25ms)
	LoadAllAssembliesAndSetupDomain (420ms)
		LoadAssemblies (291ms)
		RebuildTransferFunctionScriptingTraits (0ms)
		AnalyzeDomain (187ms)
			TypeCache.Refresh (9ms)
				TypeCache.ScanAssembly (0ms)
			BuildScriptInfoCaches (166ms)
			ResolveRequiredComponents (8ms)
	FinalizeReload (693ms)
		ReleaseScriptCaches (0ms)
		RebuildScriptCaches (0ms)
		SetupLoadedEditorAssemblies (508ms)
			LogAssemblyErrors (0ms)
			InitializePlatformSupportModulesInManaged (2ms)
			SetLoadedEditorAssemblies (5ms)
			BeforeProcessingInitializeOnLoad (115ms)
			ProcessInitializeOnLoadAttributes (323ms)
			ProcessInitializeOnLoadMethodAttributes (57ms)
			AfterProcessingInitializeOnLoad (6ms)
			EditorAssembliesLoaded (0ms)
		ExecutionOrderSort2 (0ms)
		AwakeInstancesAfterBackupRestoration (11ms)
Refreshing native plugins compatible for Editor in 1.84 ms, found 4 plugins.
Preloading 0 native plugins for Editor in 0.00 ms.
Unloading 24 Unused Serialized files (Serialized files now loaded: 0)
Unloading 6829 unused Assets / (5.7 MB). Loaded Objects now: 7614.
Memory consumption went from 164.9 MB to 159.2 MB.
Total: 8.296800 ms (FindLiveObjects: 0.732000 ms CreateObjectMapping: 0.659700 ms MarkObjects: 4.386400 ms  DeleteObjects: 2.517700 ms)

Prepare: number of updated asset objects reloaded= 0
========================================================================
Received Import Request.
  Time since last request: 1631.027503 seconds.
  path: Assets/Scprits/UI/Message/FieldMessageBase.cs
  artifactKey: Guid(c408fcbe4f7fb8c4681ed28b7e821c5c) Importer(815301076,1909f56bfc062723c751e8b465ee728b)
Start importing Assets/Scprits/UI/Message/FieldMessageBase.cs using Guid(c408fcbe4f7fb8c4681ed28b7e821c5c) Importer(815301076,1909f56bfc062723c751e8b465ee728b) (PreviewImporter) -> (artifact id: '3370d75f776c996c21bdb2617a41441b') in 0.001734 seconds
Number of updated asset objects reloaded before import = 0Number of asset objects unloaded after import = 0

========================================================================
Received Prepare
Script 'Tree' has the same name as built-in Unity component.
AddComponent and GetComponent will not work with this script.
Refreshing native plugins compatible for Editor in 1.69 ms, found 4 plugins.
Preloading 0 native plugins for Editor in 0.00 ms.
Unloading 24 Unused Serialized files (Serialized files now loaded: 0)
Unloading 6819 unused Assets / (5.8 MB). Loaded Objects now: 7615.
Memory consumption went from 156.5 MB to 150.7 MB.
Total: 8.834300 ms (FindLiveObjects: 0.725900 ms CreateObjectMapping: 0.621300 ms MarkObjects: 4.934000 ms  DeleteObjects: 2.552000 ms)

Prepare: number of updated asset objects reloaded= 0
========================================================================
Received Prepare
Begin MonoManager ReloadAssembly
Duplicate assembly 'log4net.dll' with different versions detected, using 'Packages/com.unity.package-validation-suite/Lib/Editor/log4net.dll, AssemblyName=log4net, Version=2.0.8.0, Culture=neutral, PublicKeyToken=669e0ddf0bb1aa2a' and ignoring 'Packages/com.unity.collab-proxy/Lib/Editor/log4netPlastic.dll, AssemblyName=log4net, Version=1.2.15.0, Culture=neutral, PublicKeyToken=669e0ddf0bb1aa2a'.- Loaded All Assemblies, in  0.655 seconds
Script 'Tree' has the same name as built-in Unity component.
AddComponent and GetComponent will not work with this script.
Refreshing native plugins compatible for Editor in 1.67 ms, found 4 plugins.
Native extension for WindowsStandalone target not found
Native extension for WebGL target not found
Mono: successfully reloaded assembly
- Finished resetting the current domain, in  0.699 seconds
Domain Reload Profiling: 1353ms
	BeginReloadAssembly (167ms)
		ExecutionOrderSort (0ms)
		DisableScriptedObjects (12ms)
		BackupInstance (0ms)
		ReleaseScriptingObjects (0ms)
		CreateAndSetChildDomain (48ms)
	RebuildCommonClasses (38ms)
	RebuildNativeTypeToScriptingClass (11ms)
	initialDomainReloadingComplete (26ms)
	LoadAllAssembliesAndSetupDomain (413ms)
		LoadAssemblies (297ms)
		RebuildTransferFunctionScriptingTraits (0ms)
		AnalyzeDomain (179ms)
			TypeCache.Refresh (10ms)
				TypeCache.ScanAssembly (0ms)
			BuildScriptInfoCaches (157ms)
			ResolveRequiredComponents (8ms)
	FinalizeReload (699ms)
		ReleaseScriptCaches (0ms)
		RebuildScriptCaches (0ms)
		SetupLoadedEditorAssemblies (509ms)
			LogAssemblyErrors (0ms)
			InitializePlatformSupportModulesInManaged (2ms)
			SetLoadedEditorAssemblies (6ms)
			BeforeProcessingInitializeOnLoad (112ms)
			ProcessInitializeOnLoadAttributes (327ms)
			ProcessInitializeOnLoadMethodAttributes (56ms)
			AfterProcessingInitializeOnLoad (6ms)
			EditorAssembliesLoaded (0ms)
		ExecutionOrderSort2 (0ms)
		AwakeInstancesAfterBackupRestoration (11ms)
Refreshing native plugins compatible for Editor in 1.80 ms, found 4 plugins.
Preloading 0 native plugins for Editor in 0.00 ms.
Unloading 24 Unused Serialized files (Serialized files now loaded: 0)
Unloading 6830 unused Assets / (5.7 MB). Loaded Objects now: 7617.
Memory consumption went from 159.2 MB to 153.5 MB.
Total: 9.237400 ms (FindLiveObjects: 0.749500 ms CreateObjectMapping: 0.719200 ms MarkObjects: 4.924600 ms  DeleteObjects: 2.843200 ms)

Prepare: number of updated asset objects reloaded= 0
========================================================================
Received Import Request.
  Time since last request: 31.177264 seconds.
  path: Assets/Scprits/UI/Message/MessageText.cs
  artifactKey: Guid(6839f4c2d638ffb45a86eef170c0ff85) Importer(815301076,1909f56bfc062723c751e8b465ee728b)
Start importing Assets/Scprits/UI/Message/MessageText.cs using Guid(6839f4c2d638ffb45a86eef170c0ff85) Importer(815301076,1909f56bfc062723c751e8b465ee728b) (PreviewImporter) -> (artifact id: '10f3ae8e9f297e20be6ede1de00fd6b1') in 0.0020437 seconds
Number of updated asset objects reloaded before import = 0Number of asset objects unloaded after import = 0

========================================================================
Received Prepare
Script 'Tree' has the same name as built-in Unity component.
AddComponent and GetComponent will not work with this script.
Refreshing native plugins compatible for Editor in 2.22 ms, found 4 plugins.
Preloading 0 native plugins for Editor in 0.00 ms.
Unloading 24 Unused Serialized files (Serialized files now loaded: 0)
Unloading 6819 unused Assets / (5.9 MB). Loaded Objects now: 7617.
Memory consumption went from 156.5 MB to 150.7 MB.
Total: 11.955900 ms (FindLiveObjects: 0.909200 ms CreateObjectMapping: 1.035000 ms MarkObjects: 6.218000 ms  DeleteObjects: 3.792800 ms)

Prepare: number of updated asset objects reloaded= 0
========================================================================
Received Prepare
Begin MonoManager ReloadAssembly
Duplicate assembly 'log4net.dll' with different versions detected, using 'Packages/com.unity.package-validation-suite/Lib/Editor/log4net.dll, AssemblyName=log4net, Version=2.0.8.0, Culture=neutral, PublicKeyToken=669e0ddf0bb1aa2a' and ignoring 'Packages/com.unity.collab-proxy/Lib/Editor/log4netPlastic.dll, AssemblyName=log4net, Version=1.2.15.0, Culture=neutral, PublicKeyToken=669e0ddf0bb1aa2a'.- Loaded All Assemblies, in  1.002 seconds
Script 'Tree' has the same name as built-in Unity component.
AddComponent and GetComponent will not work with this script.
Refreshing native plugins compatible for Editor in 2.34 ms, found 4 plugins.
Native extension for WindowsStandalone target not found
Native extension for WebGL target not found
Mono: successfully reloaded assembly
- Finished resetting the current domain, in  0.720 seconds
Domain Reload Profiling: 1717ms
	BeginReloadAssembly (221ms)
		ExecutionOrderSort (0ms)
		DisableScriptedObjects (18ms)
		BackupInstance (0ms)
		ReleaseScriptingObjects (0ms)
		CreateAndSetChildDomain (57ms)
	RebuildCommonClasses (64ms)
	RebuildNativeTypeToScriptingClass (18ms)
	initialDomainReloadingComplete (36ms)
	LoadAllAssembliesAndSetupDomain (658ms)
		LoadAssemblies (486ms)
		RebuildTransferFunctionScriptingTraits (0ms)
		AnalyzeDomain (252ms)
			TypeCache.Refresh (11ms)
				TypeCache.ScanAssembly (0ms)
			BuildScriptInfoCaches (224ms)
			ResolveRequiredComponents (12ms)
	FinalizeReload (720ms)
		ReleaseScriptCaches (0ms)
		RebuildScriptCaches (0ms)
		SetupLoadedEditorAssemblies (523ms)
			LogAssemblyErrors (0ms)
			InitializePlatformSupportModulesInManaged (2ms)
			SetLoadedEditorAssemblies (8ms)
			BeforeProcessingInitializeOnLoad (153ms)
			ProcessInitializeOnLoadAttributes (298ms)
			ProcessInitializeOnLoadMethodAttributes (50ms)
			AfterProcessingInitializeOnLoad (11ms)
			EditorAssembliesLoaded (0ms)
		ExecutionOrderSort2 (0ms)
		AwakeInstancesAfterBackupRestoration (11ms)
Refreshing native plugins compatible for Editor in 1.77 ms, found 4 plugins.
Preloading 0 native plugins for Editor in 0.00 ms.
Unloading 24 Unused Serialized files (Serialized files now loaded: 0)
Unloading 6830 unused Assets / (5.5 MB). Loaded Objects now: 7619.
Memory consumption went from 159.2 MB to 153.8 MB.
Total: 8.494800 ms (FindLiveObjects: 0.684500 ms CreateObjectMapping: 0.667300 ms MarkObjects: 4.649700 ms  DeleteObjects: 2.492500 ms)

Prepare: number of updated asset objects reloaded= 0
========================================================================
Received Prepare
Script 'Tree' has the same name as built-in Unity component.
AddComponent and GetComponent will not work with this script.
Refreshing native plugins compatible for Editor in 2.44 ms, found 4 plugins.
Preloading 0 native plugins for Editor in 0.00 ms.
Unloading 24 Unused Serialized files (Serialized files now loaded: 0)
Unloading 6819 unused Assets / (6.3 MB). Loaded Objects now: 7619.
Memory consumption went from 162.2 MB to 155.9 MB.
Total: 12.200200 ms (FindLiveObjects: 0.898400 ms CreateObjectMapping: 1.019000 ms MarkObjects: 6.639400 ms  DeleteObjects: 3.642100 ms)

Prepare: number of updated asset objects reloaded= 0
========================================================================
Received Import Request.
  Time since last request: 97.177658 seconds.
  path: Assets/Scprits/UI/Message/MessageText.cs
  artifactKey: Guid(6839f4c2d638ffb45a86eef170c0ff85) Importer(815301076,1909f56bfc062723c751e8b465ee728b)
Start importing Assets/Scprits/UI/Message/MessageText.cs using Guid(6839f4c2d638ffb45a86eef170c0ff85) Importer(815301076,1909f56bfc062723c751e8b465ee728b) (PreviewImporter) -> (artifact id: 'adb6c6cc48dc3f29e224358f6b1b26d3') in 0.0015441 seconds
Number of updated asset objects reloaded before import = 0Number of asset objects unloaded after import = 0

========================================================================
Received Prepare
Begin MonoManager ReloadAssembly
Duplicate assembly 'log4net.dll' with different versions detected, using 'Packages/com.unity.package-validation-suite/Lib/Editor/log4net.dll, AssemblyName=log4net, Version=2.0.8.0, Culture=neutral, PublicKeyToken=669e0ddf0bb1aa2a' and ignoring 'Packages/com.unity.collab-proxy/Lib/Editor/log4netPlastic.dll, AssemblyName=log4net, Version=1.2.15.0, Culture=neutral, PublicKeyToken=669e0ddf0bb1aa2a'.- Loaded All Assemblies, in  0.933 seconds
Script 'Tree' has the same name as built-in Unity component.
AddComponent and GetComponent will not work with this script.
Refreshing native plugins compatible for Editor in 2.19 ms, found 4 plugins.
Native extension for WindowsStandalone target not found
Native extension for WebGL target not found
Mono: successfully reloaded assembly
- Finished resetting the current domain, in  0.929 seconds
Domain Reload Profiling: 1852ms
	BeginReloadAssembly (203ms)
		ExecutionOrderSort (0ms)
		DisableScriptedObjects (18ms)
		BackupInstance (0ms)
		ReleaseScriptingObjects (0ms)
		CreateAndSetChildDomain (51ms)
	RebuildCommonClasses (51ms)
	RebuildNativeTypeToScriptingClass (11ms)
	initialDomainReloadingComplete (48ms)
	LoadAllAssembliesAndSetupDomain (610ms)
		LoadAssemblies (393ms)
		RebuildTransferFunctionScriptingTraits (0ms)
		AnalyzeDomain (291ms)
			TypeCache.Refresh (16ms)
				TypeCache.ScanAssembly (1ms)
			BuildScriptInfoCaches (263ms)
			ResolveRequiredComponents (8ms)
	FinalizeReload (930ms)
		ReleaseScriptCaches (0ms)
		RebuildScriptCaches (0ms)
		SetupLoadedEditorAssemblies (700ms)
			LogAssemblyErrors (0ms)
			InitializePlatformSupportModulesInManaged (3ms)
			SetLoadedEditorAssemblies (6ms)
			BeforeProcessingInitializeOnLoad (147ms)
			ProcessInitializeOnLoadAttributes (464ms)
			ProcessInitializeOnLoadMethodAttributes (74ms)
			AfterProcessingInitializeOnLoad (7ms)
			EditorAssembliesLoaded (0ms)
		ExecutionOrderSort2 (0ms)
		AwakeInstancesAfterBackupRestoration (10ms)
Refreshing native plugins compatible for Editor in 2.89 ms, found 4 plugins.
Preloading 0 native plugins for Editor in 0.00 ms.
Unloading 24 Unused Serialized files (Serialized files now loaded: 0)
Unloading 6830 unused Assets / (5.5 MB). Loaded Objects now: 7621.
Memory consumption went from 156.4 MB to 150.9 MB.
Total: 11.735300 ms (FindLiveObjects: 1.018600 ms CreateObjectMapping: 1.145200 ms MarkObjects: 6.441500 ms  DeleteObjects: 3.129100 ms)

Prepare: number of updated asset objects reloaded= 0
========================================================================
Received Prepare
Script 'Tree' has the same name as built-in Unity component.
AddComponent and GetComponent will not work with this script.
Refreshing native plugins compatible for Editor in 2.95 ms, found 4 plugins.
Preloading 0 native plugins for Editor in 0.00 ms.
Unloading 24 Unused Serialized files (Serialized files now loaded: 0)
Unloading 6819 unused Assets / (5.4 MB). Loaded Objects now: 7621.
Memory consumption went from 159.4 MB to 154.0 MB.
Total: 13.446600 ms (FindLiveObjects: 2.275700 ms CreateObjectMapping: 1.027800 ms MarkObjects: 7.146300 ms  DeleteObjects: 2.992600 ms)

Prepare: number of updated asset objects reloaded= 0
========================================================================
Received Import Request.
  Time since last request: 3512.737624 seconds.
  path: Assets/Scprits/UI/Message/FieldMessageBase.cs
  artifactKey: Guid(c408fcbe4f7fb8c4681ed28b7e821c5c) Importer(815301076,1909f56bfc062723c751e8b465ee728b)
Start importing Assets/Scprits/UI/Message/FieldMessageBase.cs using Guid(c408fcbe4f7fb8c4681ed28b7e821c5c) Importer(815301076,1909f56bfc062723c751e8b465ee728b) (PreviewImporter) -> (artifact id: '352f840b9756355b4353e46e8fc26ddb') in 0.0023405 seconds
Number of updated asset objects reloaded before import = 0Number of asset objects unloaded after import = 0

========================================================================
Received Prepare
Script 'Tree' has the same name as built-in Unity component.
AddComponent and GetComponent will not work with this script.
Refreshing native plugins compatible for Editor in 4.03 ms, found 4 plugins.
Preloading 0 native plugins for Editor in 0.00 ms.
Unloading 24 Unused Serialized files (Serialized files now loaded: 0)
Unloading 6819 unused Assets / (6.6 MB). Loaded Objects now: 7621.
Memory consumption went from 156.5 MB to 150.0 MB.
Total: 11.315900 ms (FindLiveObjects: 0.688800 ms CreateObjectMapping: 0.626300 ms MarkObjects: 6.554300 ms  DeleteObjects: 3.445500 ms)

Prepare: number of updated asset objects reloaded= 0
========================================================================
Received Import Request.
  Time since last request: 19.653356 seconds.
  path: Assets/Scprits/UI/Message/FieldMessageBase.cs
  artifactKey: Guid(c408fcbe4f7fb8c4681ed28b7e821c5c) Importer(815301076,1909f56bfc062723c751e8b465ee728b)
Start importing Assets/Scprits/UI/Message/FieldMessageBase.cs using Guid(c408fcbe4f7fb8c4681ed28b7e821c5c) Importer(815301076,1909f56bfc062723c751e8b465ee728b) (PreviewImporter) -> (artifact id: '6682d400ae2f531decfee69401a9349f') in 0.0006838 seconds
Number of updated asset objects reloaded before import = 0Number of asset objects unloaded after import = 0

========================================================================
Received Prepare
Script 'Tree' has the same name as built-in Unity component.
AddComponent and GetComponent will not work with this script.
Refreshing native plugins compatible for Editor in 2.12 ms, found 4 plugins.
Preloading 0 native plugins for Editor in 0.00 ms.
Unloading 24 Unused Serialized files (Serialized files now loaded: 0)
Unloading 6819 unused Assets / (5.5 MB). Loaded Objects now: 7621.
Memory consumption went from 156.5 MB to 151.0 MB.
Total: 10.370300 ms (FindLiveObjects: 0.740500 ms CreateObjectMapping: 0.664500 ms MarkObjects: 5.975500 ms  DeleteObjects: 2.989000 ms)

Prepare: number of updated asset objects reloaded= 0
========================================================================
Received Import Request.
  Time since last request: 49.698032 seconds.
  path: Assets/Scprits/UI/Message/FieldMessageBase.cs
  artifactKey: Guid(c408fcbe4f7fb8c4681ed28b7e821c5c) Importer(815301076,1909f56bfc062723c751e8b465ee728b)
Start importing Assets/Scprits/UI/Message/FieldMessageBase.cs using Guid(c408fcbe4f7fb8c4681ed28b7e821c5c) Importer(815301076,1909f56bfc062723c751e8b465ee728b) (PreviewImporter) -> (artifact id: '1a366040cec6195becd26e22c190aa10') in 0.0006894 seconds
Number of updated asset objects reloaded before import = 0Number of asset objects unloaded after import = 0

========================================================================
Received Prepare
Begin MonoManager ReloadAssembly
Duplicate assembly 'log4net.dll' with different versions detected, using 'Packages/com.unity.package-validation-suite/Lib/Editor/log4net.dll, AssemblyName=log4net, Version=2.0.8.0, Culture=neutral, PublicKeyToken=669e0ddf0bb1aa2a' and ignoring 'Packages/com.unity.collab-proxy/Lib/Editor/log4netPlastic.dll, AssemblyName=log4net, Version=1.2.15.0, Culture=neutral, PublicKeyToken=669e0ddf0bb1aa2a'.- Loaded All Assemblies, in  0.944 seconds
Script 'Tree' has the same name as built-in Unity component.
AddComponent and GetComponent will not work with this script.
Refreshing native plugins compatible for Editor in 1.90 ms, found 4 plugins.
Native extension for WindowsStandalone target not found
Native extension for WebGL target not found
Mono: successfully reloaded assembly
- Finished resetting the current domain, in  0.957 seconds
Domain Reload Profiling: 1899ms
	BeginReloadAssembly (227ms)
		ExecutionOrderSort (0ms)
		DisableScriptedObjects (19ms)
		BackupInstance (0ms)
		ReleaseScriptingObjects (0ms)
		CreateAndSetChildDomain (56ms)
	RebuildCommonClasses (35ms)
	RebuildNativeTypeToScriptingClass (19ms)
	initialDomainReloadingComplete (42ms)
	LoadAllAssembliesAndSetupDomain (619ms)
		LoadAssemblies (434ms)
		RebuildTransferFunctionScriptingTraits (0ms)
		AnalyzeDomain (279ms)
			TypeCache.Refresh (13ms)
				TypeCache.ScanAssembly (0ms)
			BuildScriptInfoCaches (247ms)
			ResolveRequiredComponents (14ms)
	FinalizeReload (957ms)
		ReleaseScriptCaches (0ms)
		RebuildScriptCaches (0ms)
		SetupLoadedEditorAssemblies (720ms)
			LogAssemblyErrors (0ms)
			InitializePlatformSupportModulesInManaged (2ms)
			SetLoadedEditorAssemblies (7ms)
			BeforeProcessingInitializeOnLoad (142ms)
			ProcessInitializeOnLoadAttributes (459ms)
			ProcessInitializeOnLoadMethodAttributes (101ms)
			AfterProcessingInitializeOnLoad (9ms)
			EditorAssembliesLoaded (0ms)
		ExecutionOrderSort2 (0ms)
		AwakeInstancesAfterBackupRestoration (17ms)
Refreshing native plugins compatible for Editor in 2.93 ms, found 4 plugins.
Preloading 0 native plugins for Editor in 0.00 ms.
Unloading 24 Unused Serialized files (Serialized files now loaded: 0)
Unloading 6830 unused Assets / (5.8 MB). Loaded Objects now: 7623.
Memory consumption went from 156.4 MB to 150.6 MB.
Total: 15.167200 ms (FindLiveObjects: 1.073600 ms CreateObjectMapping: 1.252500 ms MarkObjects: 7.444100 ms  DeleteObjects: 5.395500 ms)

Prepare: number of updated asset objects reloaded= 0
========================================================================
Received Prepare
Script 'Tree' has the same name as built-in Unity component.
AddComponent and GetComponent will not work with this script.
Refreshing native plugins compatible for Editor in 1.87 ms, found 4 plugins.
Preloading 0 native plugins for Editor in 0.00 ms.
Unloading 24 Unused Serialized files (Serialized files now loaded: 0)
Unloading 6819 unused Assets / (5.5 MB). Loaded Objects now: 7623.
Memory consumption went from 159.4 MB to 153.8 MB.
Total: 11.376700 ms (FindLiveObjects: 1.083300 ms CreateObjectMapping: 1.111400 ms MarkObjects: 5.845200 ms  DeleteObjects: 3.335600 ms)

Prepare: number of updated asset objects reloaded= 0
========================================================================
Received Import Request.
  Time since last request: 18.523043 seconds.
  path: Assets/Scprits/UI/Message/FieldMessageBase.cs
  artifactKey: Guid(c408fcbe4f7fb8c4681ed28b7e821c5c) Importer(815301076,1909f56bfc062723c751e8b465ee728b)
Start importing Assets/Scprits/UI/Message/FieldMessageBase.cs using Guid(c408fcbe4f7fb8c4681ed28b7e821c5c) Importer(815301076,1909f56bfc062723c751e8b465ee728b) (PreviewImporter) -> (artifact id: 'dfa712cf9b8f869ec0b944efc3359c72') in 0.0017886 seconds
Number of updated asset objects reloaded before import = 0Number of asset objects unloaded after import = 0

========================================================================
Received Prepare
Begin MonoManager ReloadAssembly
Duplicate assembly 'log4net.dll' with different versions detected, using 'Packages/com.unity.package-validation-suite/Lib/Editor/log4net.dll, AssemblyName=log4net, Version=2.0.8.0, Culture=neutral, PublicKeyToken=669e0ddf0bb1aa2a' and ignoring 'Packages/com.unity.collab-proxy/Lib/Editor/log4netPlastic.dll, AssemblyName=log4net, Version=1.2.15.0, Culture=neutral, PublicKeyToken=669e0ddf0bb1aa2a'.- Loaded All Assemblies, in  0.861 seconds
Script 'Tree' has the same name as built-in Unity component.
AddComponent and GetComponent will not work with this script.
Refreshing native plugins compatible for Editor in 2.50 ms, found 4 plugins.
Native extension for WindowsStandalone target not found
Native extension for WebGL target not found
Mono: successfully reloaded assembly
- Finished resetting the current domain, in  0.938 seconds
Domain Reload Profiling: 1796ms
	BeginReloadAssembly (197ms)
		ExecutionOrderSort (0ms)
		DisableScriptedObjects (17ms)
		BackupInstance (0ms)
		ReleaseScriptingObjects (0ms)
		CreateAndSetChildDomain (53ms)
	RebuildCommonClasses (47ms)
	RebuildNativeTypeToScriptingClass (15ms)
	initialDomainReloadingComplete (31ms)
	LoadAllAssembliesAndSetupDomain (567ms)
		LoadAssemblies (379ms)
		RebuildTransferFunctionScriptingTraits (0ms)
		AnalyzeDomain (260ms)
			TypeCache.Refresh (14ms)
				TypeCache.ScanAssembly (1ms)
			BuildScriptInfoCaches (229ms)
			ResolveRequiredComponents (13ms)
	FinalizeReload (938ms)
		ReleaseScriptCaches (0ms)
		RebuildScriptCaches (0ms)
		SetupLoadedEditorAssemblies (700ms)
			LogAssemblyErrors (0ms)
			InitializePlatformSupportModulesInManaged (3ms)
			SetLoadedEditorAssemblies (6ms)
			BeforeProcessingInitializeOnLoad (153ms)
			ProcessInitializeOnLoadAttributes (462ms)
			ProcessInitializeOnLoadMethodAttributes (73ms)
			AfterProcessingInitializeOnLoad (4ms)
			EditorAssembliesLoaded (0ms)
		ExecutionOrderSort2 (0ms)
		AwakeInstancesAfterBackupRestoration (14ms)
Refreshing native plugins compatible for Editor in 2.58 ms, found 4 plugins.
Preloading 0 native plugins for Editor in 0.00 ms.
Unloading 24 Unused Serialized files (Serialized files now loaded: 0)
Unloading 6830 unused Assets / (6.3 MB). Loaded Objects now: 7625.
Memory consumption went from 156.4 MB to 150.1 MB.
Total: 11.986900 ms (FindLiveObjects: 0.793200 ms CreateObjectMapping: 1.277500 ms MarkObjects: 6.152000 ms  DeleteObjects: 3.763300 ms)

Prepare: number of updated asset objects reloaded= 0
========================================================================
Received Prepare
Script 'Tree' has the same name as built-in Unity component.
AddComponent and GetComponent will not work with this script.
Refreshing native plugins compatible for Editor in 3.07 ms, found 4 plugins.
Preloading 0 native plugins for Editor in 0.00 ms.
Unloading 24 Unused Serialized files (Serialized files now loaded: 0)
Unloading 6819 unused Assets / (6.6 MB). Loaded Objects now: 7625.
Memory consumption went from 159.4 MB to 152.8 MB.
Total: 15.397700 ms (FindLiveObjects: 1.073600 ms CreateObjectMapping: 2.279400 ms MarkObjects: 7.382600 ms  DeleteObjects: 4.660500 ms)

Prepare: number of updated asset objects reloaded= 0
========================================================================
Received Prepare
Begin MonoManager ReloadAssembly
Duplicate assembly 'log4net.dll' with different versions detected, using 'Packages/com.unity.package-validation-suite/Lib/Editor/log4net.dll, AssemblyName=log4net, Version=2.0.8.0, Culture=neutral, PublicKeyToken=669e0ddf0bb1aa2a' and ignoring 'Packages/com.unity.collab-proxy/Lib/Editor/log4netPlastic.dll, AssemblyName=log4net, Version=1.2.15.0, Culture=neutral, PublicKeyToken=669e0ddf0bb1aa2a'.- Loaded All Assemblies, in  0.870 seconds
Script 'Tree' has the same name as built-in Unity component.
AddComponent and GetComponent will not work with this script.
Refreshing native plugins compatible for Editor in 2.25 ms, found 4 plugins.
Native extension for WindowsStandalone target not found
Native extension for WebGL target not found
Mono: successfully reloaded assembly
- Finished resetting the current domain, in  0.869 seconds
Domain Reload Profiling: 1738ms
	BeginReloadAssembly (207ms)
		ExecutionOrderSort (0ms)
		DisableScriptedObjects (18ms)
		BackupInstance (0ms)
		ReleaseScriptingObjects (0ms)
		CreateAndSetChildDomain (57ms)
	RebuildCommonClasses (33ms)
	RebuildNativeTypeToScriptingClass (11ms)
	initialDomainReloadingComplete (38ms)
	LoadAllAssembliesAndSetupDomain (579ms)
		LoadAssemblies (391ms)
		RebuildTransferFunctionScriptingTraits (0ms)
		AnalyzeDomain (262ms)
			TypeCache.Refresh (15ms)
				TypeCache.ScanAssembly (1ms)
			BuildScriptInfoCaches (228ms)
			ResolveRequiredComponents (14ms)
	FinalizeReload (869ms)
		ReleaseScriptCaches (0ms)
		RebuildScriptCaches (0ms)
		SetupLoadedEditorAssemblies (634ms)
			LogAssemblyErrors (0ms)
			InitializePlatformSupportModulesInManaged (3ms)
			SetLoadedEditorAssemblies (7ms)
			BeforeProcessingInitializeOnLoad (133ms)
			ProcessInitializeOnLoadAttributes (422ms)
			ProcessInitializeOnLoadMethodAttributes (63ms)
			AfterProcessingInitializeOnLoad (6ms)
			EditorAssembliesLoaded (0ms)
		ExecutionOrderSort2 (0ms)
		AwakeInstancesAfterBackupRestoration (14ms)
Refreshing native plugins compatible for Editor in 1.94 ms, found 4 plugins.
Preloading 0 native plugins for Editor in 0.00 ms.
Unloading 24 Unused Serialized files (Serialized files now loaded: 0)
Unloading 6830 unused Assets / (6.6 MB). Loaded Objects now: 7627.
Memory consumption went from 162.1 MB to 155.5 MB.
Total: 14.336000 ms (FindLiveObjects: 0.915200 ms CreateObjectMapping: 1.057100 ms MarkObjects: 6.222100 ms  DeleteObjects: 6.140400 ms)

Prepare: number of updated asset objects reloaded= 0
========================================================================
Received Prepare
Script 'Tree' has the same name as built-in Unity component.
AddComponent and GetComponent will not work with this script.
Refreshing native plugins compatible for Editor in 2.03 ms, found 4 plugins.
Preloading 0 native plugins for Editor in 0.00 ms.
Unloading 24 Unused Serialized files (Serialized files now loaded: 0)
Unloading 6819 unused Assets / (5.4 MB). Loaded Objects now: 7627.
Memory consumption went from 165.1 MB to 159.7 MB.
Total: 10.369800 ms (FindLiveObjects: 0.710000 ms CreateObjectMapping: 0.565300 ms MarkObjects: 6.119400 ms  DeleteObjects: 2.974000 ms)

Prepare: number of updated asset objects reloaded= 0
========================================================================
Received Import Request.
  Time since last request: 179.762927 seconds.
  path: Assets/Scprits/UI/Message/FieldMessageBase.cs
  artifactKey: Guid(c408fcbe4f7fb8c4681ed28b7e821c5c) Importer(815301076,1909f56bfc062723c751e8b465ee728b)
Start importing Assets/Scprits/UI/Message/FieldMessageBase.cs using Guid(c408fcbe4f7fb8c4681ed28b7e821c5c) Importer(815301076,1909f56bfc062723c751e8b465ee728b) (PreviewImporter) -> (artifact id: 'fe395ecf0f409cee23e6bcaa97d1c23e') in 0.0023798 seconds
Number of updated asset objects reloaded before import = 0Number of asset objects unloaded after import = 0

========================================================================
Received Prepare
Begin MonoManager ReloadAssembly
Duplicate assembly 'log4net.dll' with different versions detected, using 'Packages/com.unity.package-validation-suite/Lib/Editor/log4net.dll, AssemblyName=log4net, Version=2.0.8.0, Culture=neutral, PublicKeyToken=669e0ddf0bb1aa2a' and ignoring 'Packages/com.unity.collab-proxy/Lib/Editor/log4netPlastic.dll, AssemblyName=log4net, Version=1.2.15.0, Culture=neutral, PublicKeyToken=669e0ddf0bb1aa2a'.- Loaded All Assemblies, in  0.778 seconds
Script 'Tree' has the same name as built-in Unity component.
AddComponent and GetComponent will not work with this script.
Refreshing native plugins compatible for Editor in 2.13 ms, found 4 plugins.
Native extension for WindowsStandalone target not found
Native extension for WebGL target not found
Mono: successfully reloaded assembly
- Finished resetting the current domain, in  0.786 seconds
Domain Reload Profiling: 1560ms
	BeginReloadAssembly (186ms)
		ExecutionOrderSort (0ms)
		DisableScriptedObjects (11ms)
		BackupInstance (0ms)
		ReleaseScriptingObjects (0ms)
		CreateAndSetChildDomain (51ms)
	RebuildCommonClasses (49ms)
	RebuildNativeTypeToScriptingClass (15ms)
	initialDomainReloadingComplete (42ms)
	LoadAllAssembliesAndSetupDomain (481ms)
		LoadAssemblies (330ms)
		RebuildTransferFunctionScriptingTraits (0ms)
		AnalyzeDomain (206ms)
			TypeCache.Refresh (14ms)
				TypeCache.ScanAssembly (1ms)
			BuildScriptInfoCaches (180ms)
			ResolveRequiredComponents (8ms)
	FinalizeReload (786ms)
		ReleaseScriptCaches (0ms)
		RebuildScriptCaches (0ms)
		SetupLoadedEditorAssemblies (571ms)
			LogAssemblyErrors (0ms)
			InitializePlatformSupportModulesInManaged (3ms)
			SetLoadedEditorAssemblies (6ms)
			BeforeProcessingInitializeOnLoad (139ms)
			ProcessInitializeOnLoadAttributes (364ms)
			ProcessInitializeOnLoadMethodAttributes (55ms)
			AfterProcessingInitializeOnLoad (4ms)
			EditorAssembliesLoaded (0ms)
		ExecutionOrderSort2 (0ms)
		AwakeInstancesAfterBackupRestoration (10ms)
Refreshing native plugins compatible for Editor in 1.59 ms, found 4 plugins.
Preloading 0 native plugins for Editor in 0.00 ms.
Unloading 24 Unused Serialized files (Serialized files now loaded: 0)
Unloading 6830 unused Assets / (4.5 MB). Loaded Objects now: 7629.
Memory consumption went from 156.4 MB to 151.9 MB.
Total: 7.627400 ms (FindLiveObjects: 0.662300 ms CreateObjectMapping: 0.602100 ms MarkObjects: 4.159800 ms  DeleteObjects: 2.202500 ms)

Prepare: number of updated asset objects reloaded= 0
========================================================================
Received Prepare
Script 'Tree' has the same name as built-in Unity component.
AddComponent and GetComponent will not work with this script.
Refreshing native plugins compatible for Editor in 2.12 ms, found 4 plugins.
Preloading 0 native plugins for Editor in 0.00 ms.
Unloading 24 Unused Serialized files (Serialized files now loaded: 0)
Unloading 6819 unused Assets / (5.4 MB). Loaded Objects now: 7629.
Memory consumption went from 159.4 MB to 154.0 MB.
Total: 11.561900 ms (FindLiveObjects: 1.048200 ms CreateObjectMapping: 1.100900 ms MarkObjects: 6.512200 ms  DeleteObjects: 2.899100 ms)

Prepare: number of updated asset objects reloaded= 0
========================================================================
Received Prepare
Begin MonoManager ReloadAssembly
Duplicate assembly 'log4net.dll' with different versions detected, using 'Packages/com.unity.package-validation-suite/Lib/Editor/log4net.dll, AssemblyName=log4net, Version=2.0.8.0, Culture=neutral, PublicKeyToken=669e0ddf0bb1aa2a' and ignoring 'Packages/com.unity.collab-proxy/Lib/Editor/log4netPlastic.dll, AssemblyName=log4net, Version=1.2.15.0, Culture=neutral, PublicKeyToken=669e0ddf0bb1aa2a'.- Loaded All Assemblies, in  0.836 seconds
Script 'Tree' has the same name as built-in Unity component.
AddComponent and GetComponent will not work with this script.
Refreshing native plugins compatible for Editor in 2.00 ms, found 4 plugins.
Native extension for WindowsStandalone target not found
Native extension for WebGL target not found
Mono: successfully reloaded assembly
- Finished resetting the current domain, in  0.857 seconds
Domain Reload Profiling: 1686ms
	BeginReloadAssembly (187ms)
		ExecutionOrderSort (0ms)
		DisableScriptedObjects (18ms)
		BackupInstance (0ms)
		ReleaseScriptingObjects (0ms)
		CreateAndSetChildDomain (55ms)
	RebuildCommonClasses (44ms)
	RebuildNativeTypeToScriptingClass (15ms)
	initialDomainReloadingComplete (36ms)
	LoadAllAssembliesAndSetupDomain (547ms)
		LoadAssemblies (356ms)
		RebuildTransferFunctionScriptingTraits (0ms)
		AnalyzeDomain (251ms)
			TypeCache.Refresh (14ms)
				TypeCache.ScanAssembly (1ms)
			BuildScriptInfoCaches (225ms)
			ResolveRequiredComponents (10ms)
	FinalizeReload (858ms)
		ReleaseScriptCaches (0ms)
		RebuildScriptCaches (0ms)
		SetupLoadedEditorAssemblies (640ms)
			LogAssemblyErrors (0ms)
			InitializePlatformSupportModulesInManaged (2ms)
			SetLoadedEditorAssemblies (11ms)
			BeforeProcessingInitializeOnLoad (149ms)
			ProcessInitializeOnLoadAttributes (392ms)
			ProcessInitializeOnLoadMethodAttributes (79ms)
			AfterProcessingInitializeOnLoad (7ms)
			EditorAssembliesLoaded (0ms)
		ExecutionOrderSort2 (0ms)
		AwakeInstancesAfterBackupRestoration (16ms)
Refreshing native plugins compatible for Editor in 2.26 ms, found 4 plugins.
Preloading 0 native plugins for Editor in 0.00 ms.
Unloading 24 Unused Serialized files (Serialized files now loaded: 0)
Unloading 6830 unused Assets / (4.8 MB). Loaded Objects now: 7631.
Memory consumption went from 162.1 MB to 157.3 MB.
Total: 8.375300 ms (FindLiveObjects: 0.680600 ms CreateObjectMapping: 0.645100 ms MarkObjects: 4.913500 ms  DeleteObjects: 2.135500 ms)

Prepare: number of updated asset objects reloaded= 0
========================================================================
Received Prepare
Script 'Tree' has the same name as built-in Unity component.
AddComponent and GetComponent will not work with this script.
Refreshing native plugins compatible for Editor in 3.06 ms, found 4 plugins.
Preloading 0 native plugins for Editor in 0.00 ms.
Unloading 24 Unused Serialized files (Serialized files now loaded: 0)
Unloading 6819 unused Assets / (5.7 MB). Loaded Objects now: 7631.
Memory consumption went from 165.1 MB to 159.5 MB.
Total: 8.832200 ms (FindLiveObjects: 0.707800 ms CreateObjectMapping: 0.600700 ms MarkObjects: 4.318700 ms  DeleteObjects: 3.204200 ms)

Prepare: number of updated asset objects reloaded= 0
========================================================================
Received Import Request.
  Time since last request: 290.008568 seconds.
  path: Assets/Scprits/UI/Message/FieldMessageBase.cs
  artifactKey: Guid(c408fcbe4f7fb8c4681ed28b7e821c5c) Importer(815301076,1909f56bfc062723c751e8b465ee728b)
Start importing Assets/Scprits/UI/Message/FieldMessageBase.cs using Guid(c408fcbe4f7fb8c4681ed28b7e821c5c) Importer(815301076,1909f56bfc062723c751e8b465ee728b) (PreviewImporter) -> (artifact id: 'b176140edeed53090dda75843a2ada7b') in 0.0019046 seconds
Number of updated asset objects reloaded before import = 0Number of asset objects unloaded after import = 0

========================================================================
Received Prepare
Begin MonoManager ReloadAssembly
Duplicate assembly 'log4net.dll' with different versions detected, using 'Packages/com.unity.package-validation-suite/Lib/Editor/log4net.dll, AssemblyName=log4net, Version=2.0.8.0, Culture=neutral, PublicKeyToken=669e0ddf0bb1aa2a' and ignoring 'Packages/com.unity.collab-proxy/Lib/Editor/log4netPlastic.dll, AssemblyName=log4net, Version=1.2.15.0, Culture=neutral, PublicKeyToken=669e0ddf0bb1aa2a'.- Loaded All Assemblies, in  0.827 seconds
Script 'Tree' has the same name as built-in Unity component.
AddComponent and GetComponent will not work with this script.
Refreshing native plugins compatible for Editor in 1.65 ms, found 4 plugins.
Native extension for WindowsStandalone target not found
Native extension for WebGL target not found
Mono: successfully reloaded assembly
- Finished resetting the current domain, in  0.934 seconds
Domain Reload Profiling: 1758ms
	BeginReloadAssembly (210ms)
		ExecutionOrderSort (0ms)
		DisableScriptedObjects (16ms)
		BackupInstance (0ms)
		ReleaseScriptingObjects (0ms)
		CreateAndSetChildDomain (66ms)
	RebuildCommonClasses (38ms)
	RebuildNativeTypeToScriptingClass (12ms)
	initialDomainReloadingComplete (31ms)
	LoadAllAssembliesAndSetupDomain (532ms)
		LoadAssemblies (373ms)
		RebuildTransferFunctionScriptingTraits (0ms)
		AnalyzeDomain (229ms)
			TypeCache.Refresh (11ms)
				TypeCache.ScanAssembly (0ms)
			BuildScriptInfoCaches (201ms)
			ResolveRequiredComponents (14ms)
	FinalizeReload (935ms)
		ReleaseScriptCaches (0ms)
		RebuildScriptCaches (0ms)
		SetupLoadedEditorAssemblies (689ms)
			LogAssemblyErrors (0ms)
			InitializePlatformSupportModulesInManaged (3ms)
			SetLoadedEditorAssemblies (6ms)
			BeforeProcessingInitializeOnLoad (179ms)
			ProcessInitializeOnLoadAttributes (421ms)
			ProcessInitializeOnLoadMethodAttributes (75ms)
			AfterProcessingInitializeOnLoad (5ms)
			EditorAssembliesLoaded (0ms)
		ExecutionOrderSort2 (0ms)
		AwakeInstancesAfterBackupRestoration (12ms)
Refreshing native plugins compatible for Editor in 1.97 ms, found 4 plugins.
Preloading 0 native plugins for Editor in 0.00 ms.
Unloading 24 Unused Serialized files (Serialized files now loaded: 0)
Unloading 6830 unused Assets / (6.0 MB). Loaded Objects now: 7633.
Memory consumption went from 156.4 MB to 150.4 MB.
Total: 12.117200 ms (FindLiveObjects: 0.863600 ms CreateObjectMapping: 1.032500 ms MarkObjects: 6.503200 ms  DeleteObjects: 3.717100 ms)

Prepare: number of updated asset objects reloaded= 0
========================================================================
Received Prepare
Script 'Tree' has the same name as built-in Unity component.
AddComponent and GetComponent will not work with this script.
Refreshing native plugins compatible for Editor in 1.59 ms, found 4 plugins.
Preloading 0 native plugins for Editor in 0.00 ms.
Unloading 24 Unused Serialized files (Serialized files now loaded: 0)
Unloading 6819 unused Assets / (6.5 MB). Loaded Objects now: 7633.
Memory consumption went from 159.4 MB to 152.9 MB.
Total: 11.773700 ms (FindLiveObjects: 0.698900 ms CreateObjectMapping: 0.587100 ms MarkObjects: 6.951900 ms  DeleteObjects: 3.534600 ms)

Prepare: number of updated asset objects reloaded= 0
========================================================================
Received Import Request.
  Time since last request: 490.569128 seconds.
  path: Assets/Scprits/UI/Message/FieldMessageBase.cs
  artifactKey: Guid(c408fcbe4f7fb8c4681ed28b7e821c5c) Importer(815301076,1909f56bfc062723c751e8b465ee728b)
Start importing Assets/Scprits/UI/Message/FieldMessageBase.cs using Guid(c408fcbe4f7fb8c4681ed28b7e821c5c) Importer(815301076,1909f56bfc062723c751e8b465ee728b) (PreviewImporter) -> (artifact id: '5bcfbf30a2ebde349b3879a01dfe2eb9') in 0.002241 seconds
Number of updated asset objects reloaded before import = 0Number of asset objects unloaded after import = 0

========================================================================
Received Prepare
Begin MonoManager ReloadAssembly
Duplicate assembly 'log4net.dll' with different versions detected, using 'Packages/com.unity.package-validation-suite/Lib/Editor/log4net.dll, AssemblyName=log4net, Version=2.0.8.0, Culture=neutral, PublicKeyToken=669e0ddf0bb1aa2a' and ignoring 'Packages/com.unity.collab-proxy/Lib/Editor/log4netPlastic.dll, AssemblyName=log4net, Version=1.2.15.0, Culture=neutral, PublicKeyToken=669e0ddf0bb1aa2a'.- Loaded All Assemblies, in  0.819 seconds
Script 'Tree' has the same name as built-in Unity component.
AddComponent and GetComponent will not work with this script.
Refreshing native plugins compatible for Editor in 2.48 ms, found 4 plugins.
Native extension for WindowsStandalone target not found
Native extension for WebGL target not found
Mono: successfully reloaded assembly
- Finished resetting the current domain, in  0.868 seconds
Domain Reload Profiling: 1683ms
	BeginReloadAssembly (192ms)
		ExecutionOrderSort (0ms)
		DisableScriptedObjects (16ms)
		BackupInstance (0ms)
		ReleaseScriptingObjects (0ms)
		CreateAndSetChildDomain (50ms)
	RebuildCommonClasses (33ms)
	RebuildNativeTypeToScriptingClass (11ms)
	initialDomainReloadingComplete (30ms)
	LoadAllAssembliesAndSetupDomain (549ms)
		LoadAssemblies (370ms)
		RebuildTransferFunctionScriptingTraits (0ms)
		AnalyzeDomain (251ms)
			TypeCache.Refresh (10ms)
				TypeCache.ScanAssembly (0ms)
			BuildScriptInfoCaches (223ms)
			ResolveRequiredComponents (13ms)
	FinalizeReload (868ms)
		ReleaseScriptCaches (0ms)
		RebuildScriptCaches (0ms)
		SetupLoadedEditorAssemblies (646ms)
			LogAssemblyErrors (0ms)
			InitializePlatformSupportModulesInManaged (2ms)
			SetLoadedEditorAssemblies (6ms)
			BeforeProcessingInitializeOnLoad (141ms)
			ProcessInitializeOnLoadAttributes (417ms)
			ProcessInitializeOnLoadMethodAttributes (73ms)
			AfterProcessingInitializeOnLoad (7ms)
			EditorAssembliesLoaded (0ms)
		ExecutionOrderSort2 (0ms)
		AwakeInstancesAfterBackupRestoration (15ms)
Refreshing native plugins compatible for Editor in 1.61 ms, found 4 plugins.
Preloading 0 native plugins for Editor in 0.00 ms.
Unloading 24 Unused Serialized files (Serialized files now loaded: 0)
Unloading 6830 unused Assets / (5.0 MB). Loaded Objects now: 7635.
Memory consumption went from 156.4 MB to 151.4 MB.
Total: 9.135600 ms (FindLiveObjects: 0.656700 ms CreateObjectMapping: 0.916300 ms MarkObjects: 4.721800 ms  DeleteObjects: 2.839900 ms)

Prepare: number of updated asset objects reloaded= 0
========================================================================
Received Prepare
Script 'Tree' has the same name as built-in Unity component.
AddComponent and GetComponent will not work with this script.
Refreshing native plugins compatible for Editor in 1.97 ms, found 4 plugins.
Preloading 0 native plugins for Editor in 0.00 ms.
Unloading 24 Unused Serialized files (Serialized files now loaded: 0)
Unloading 6819 unused Assets / (6.2 MB). Loaded Objects now: 7635.
Memory consumption went from 159.4 MB to 153.2 MB.
Total: 10.505800 ms (FindLiveObjects: 0.666300 ms CreateObjectMapping: 0.615100 ms MarkObjects: 6.063100 ms  DeleteObjects: 3.160300 ms)

Prepare: number of updated asset objects reloaded= 0
========================================================================
Received Import Request.
  Time since last request: 78.533877 seconds.
  path: Assets/Scprits/UI/Message/FieldMessageBase.cs
  artifactKey: Guid(c408fcbe4f7fb8c4681ed28b7e821c5c) Importer(815301076,1909f56bfc062723c751e8b465ee728b)
Start importing Assets/Scprits/UI/Message/FieldMessageBase.cs using Guid(c408fcbe4f7fb8c4681ed28b7e821c5c) Importer(815301076,1909f56bfc062723c751e8b465ee728b) (PreviewImporter) -> (artifact id: '2ccd2f23bd718c87b76567d8539b9f5f') in 0.0017334 seconds
Number of updated asset objects reloaded before import = 0Number of asset objects unloaded after import = 0

========================================================================
Received Prepare
Begin MonoManager ReloadAssembly
Duplicate assembly 'log4net.dll' with different versions detected, using 'Packages/com.unity.package-validation-suite/Lib/Editor/log4net.dll, AssemblyName=log4net, Version=2.0.8.0, Culture=neutral, PublicKeyToken=669e0ddf0bb1aa2a' and ignoring 'Packages/com.unity.collab-proxy/Lib/Editor/log4netPlastic.dll, AssemblyName=log4net, Version=1.2.15.0, Culture=neutral, PublicKeyToken=669e0ddf0bb1aa2a'.- Loaded All Assemblies, in  0.822 seconds
Script 'Tree' has the same name as built-in Unity component.
AddComponent and GetComponent will not work with this script.
Refreshing native plugins compatible for Editor in 2.20 ms, found 4 plugins.
Native extension for WindowsStandalone target not found
Native extension for WebGL target not found
Mono: successfully reloaded assembly
- Finished resetting the current domain, in  0.926 seconds
Domain Reload Profiling: 1743ms
	BeginReloadAssembly (212ms)
		ExecutionOrderSort (0ms)
		DisableScriptedObjects (18ms)
		BackupInstance (0ms)
		ReleaseScriptingObjects (0ms)
		CreateAndSetChildDomain (50ms)
	RebuildCommonClasses (32ms)
	RebuildNativeTypeToScriptingClass (13ms)
	initialDomainReloadingComplete (29ms)
	LoadAllAssembliesAndSetupDomain (532ms)
		LoadAssemblies (387ms)
		RebuildTransferFunctionScriptingTraits (0ms)
		AnalyzeDomain (220ms)
			TypeCache.Refresh (10ms)
				TypeCache.ScanAssembly (0ms)
			BuildScriptInfoCaches (195ms)
			ResolveRequiredComponents (12ms)
	FinalizeReload (926ms)
		ReleaseScriptCaches (0ms)
		RebuildScriptCaches (0ms)
		SetupLoadedEditorAssemblies (699ms)
			LogAssemblyErrors (0ms)
			InitializePlatformSupportModulesInManaged (3ms)
			SetLoadedEditorAssemblies (6ms)
			BeforeProcessingInitializeOnLoad (207ms)
			ProcessInitializeOnLoadAttributes (421ms)
			ProcessInitializeOnLoadMethodAttributes (57ms)
			AfterProcessingInitializeOnLoad (4ms)
			EditorAssembliesLoaded (0ms)
		ExecutionOrderSort2 (0ms)
		AwakeInstancesAfterBackupRestoration (15ms)
Refreshing native plugins compatible for Editor in 3.32 ms, found 4 plugins.
Preloading 0 native plugins for Editor in 0.00 ms.
Unloading 24 Unused Serialized files (Serialized files now loaded: 0)
Unloading 6830 unused Assets / (5.5 MB). Loaded Objects now: 7637.
Memory consumption went from 156.4 MB to 150.9 MB.
Total: 12.689100 ms (FindLiveObjects: 0.815700 ms CreateObjectMapping: 1.132200 ms MarkObjects: 6.777300 ms  DeleteObjects: 3.962500 ms)

Prepare: number of updated asset objects reloaded= 0
========================================================================
Received Prepare
Script 'Tree' has the same name as built-in Unity component.
AddComponent and GetComponent will not work with this script.
Refreshing native plugins compatible for Editor in 2.46 ms, found 4 plugins.
Preloading 0 native plugins for Editor in 0.00 ms.
Unloading 24 Unused Serialized files (Serialized files now loaded: 0)
Unloading 6819 unused Assets / (5.8 MB). Loaded Objects now: 7637.
Memory consumption went from 159.4 MB to 153.6 MB.
Total: 10.776800 ms (FindLiveObjects: 1.016200 ms CreateObjectMapping: 1.118000 ms MarkObjects: 4.856300 ms  DeleteObjects: 3.785200 ms)

Prepare: number of updated asset objects reloaded= 0
========================================================================
Received Import Request.
  Time since last request: 36.434770 seconds.
  path: Assets/Scprits/UI/Message/FieldMessageBase.cs
  artifactKey: Guid(c408fcbe4f7fb8c4681ed28b7e821c5c) Importer(815301076,1909f56bfc062723c751e8b465ee728b)
Start importing Assets/Scprits/UI/Message/FieldMessageBase.cs using Guid(c408fcbe4f7fb8c4681ed28b7e821c5c) Importer(815301076,1909f56bfc062723c751e8b465ee728b) (PreviewImporter) -> (artifact id: 'bda169e97157e5c5acee5d4a65dd6921') in 0.0016333 seconds
Number of updated asset objects reloaded before import = 0Number of asset objects unloaded after import = 0

========================================================================
Received Prepare
Begin MonoManager ReloadAssembly
Duplicate assembly 'log4net.dll' with different versions detected, using 'Packages/com.unity.package-validation-suite/Lib/Editor/log4net.dll, AssemblyName=log4net, Version=2.0.8.0, Culture=neutral, PublicKeyToken=669e0ddf0bb1aa2a' and ignoring 'Packages/com.unity.collab-proxy/Lib/Editor/log4netPlastic.dll, AssemblyName=log4net, Version=1.2.15.0, Culture=neutral, PublicKeyToken=669e0ddf0bb1aa2a'.- Loaded All Assemblies, in  0.830 seconds
Script 'Tree' has the same name as built-in Unity component.
AddComponent and GetComponent will not work with this script.
Refreshing native plugins compatible for Editor in 1.97 ms, found 4 plugins.
Native extension for WindowsStandalone target not found
Native extension for WebGL target not found
Mono: successfully reloaded assembly
- Finished resetting the current domain, in  0.891 seconds
Domain Reload Profiling: 1718ms
	BeginReloadAssembly (203ms)
		ExecutionOrderSort (0ms)
		DisableScriptedObjects (12ms)
		BackupInstance (0ms)
		ReleaseScriptingObjects (0ms)
		CreateAndSetChildDomain (67ms)
	RebuildCommonClasses (36ms)
	RebuildNativeTypeToScriptingClass (12ms)
	initialDomainReloadingComplete (27ms)
	LoadAllAssembliesAndSetupDomain (547ms)
		LoadAssemblies (378ms)
		RebuildTransferFunctionScriptingTraits (0ms)
		AnalyzeDomain (241ms)
			TypeCache.Refresh (13ms)
				TypeCache.ScanAssembly (1ms)
			BuildScriptInfoCaches (216ms)
			ResolveRequiredComponents (9ms)
	FinalizeReload (892ms)
		ReleaseScriptCaches (0ms)
		RebuildScriptCaches (0ms)
		SetupLoadedEditorAssemblies (636ms)
			LogAssemblyErrors (0ms)
			InitializePlatformSupportModulesInManaged (3ms)
			SetLoadedEditorAssemblies (7ms)
			BeforeProcessingInitializeOnLoad (144ms)
			ProcessInitializeOnLoadAttributes (368ms)
			ProcessInitializeOnLoadMethodAttributes (110ms)
			AfterProcessingInitializeOnLoad (5ms)
			EditorAssembliesLoaded (0ms)
		ExecutionOrderSort2 (0ms)
		AwakeInstancesAfterBackupRestoration (12ms)
Refreshing native plugins compatible for Editor in 2.43 ms, found 4 plugins.
Preloading 0 native plugins for Editor in 0.00 ms.
Unloading 24 Unused Serialized files (Serialized files now loaded: 0)
Unloading 6830 unused Assets / (5.5 MB). Loaded Objects now: 7639.
Memory consumption went from 156.4 MB to 150.9 MB.
Total: 9.100900 ms (FindLiveObjects: 0.715400 ms CreateObjectMapping: 0.590400 ms MarkObjects: 4.494500 ms  DeleteObjects: 3.299700 ms)

Prepare: number of updated asset objects reloaded= 0
========================================================================
Received Prepare
Script 'Tree' has the same name as built-in Unity component.
AddComponent and GetComponent will not work with this script.
Refreshing native plugins compatible for Editor in 2.53 ms, found 4 plugins.
Preloading 0 native plugins for Editor in 0.00 ms.
Unloading 24 Unused Serialized files (Serialized files now loaded: 0)
Unloading 6819 unused Assets / (5.5 MB). Loaded Objects now: 7639.
Memory consumption went from 159.4 MB to 153.9 MB.
Total: 11.544600 ms (FindLiveObjects: 0.895500 ms CreateObjectMapping: 1.073200 ms MarkObjects: 6.487200 ms  DeleteObjects: 3.087400 ms)

Prepare: number of updated asset objects reloaded= 0
========================================================================
Received Import Request.
  Time since last request: 45.566174 seconds.
  path: Assets/Scprits/UI/Message/FieldMessageBase.cs
  artifactKey: Guid(c408fcbe4f7fb8c4681ed28b7e821c5c) Importer(815301076,1909f56bfc062723c751e8b465ee728b)
Start importing Assets/Scprits/UI/Message/FieldMessageBase.cs using Guid(c408fcbe4f7fb8c4681ed28b7e821c5c) Importer(815301076,1909f56bfc062723c751e8b465ee728b) (PreviewImporter) -> (artifact id: 'b4aaae83e5edef6f2c7ca839f1562c3e') in 0.0019459 seconds
Number of updated asset objects reloaded before import = 0Number of asset objects unloaded after import = 0

========================================================================
Received Prepare
Begin MonoManager ReloadAssembly
Duplicate assembly 'log4net.dll' with different versions detected, using 'Packages/com.unity.package-validation-suite/Lib/Editor/log4net.dll, AssemblyName=log4net, Version=2.0.8.0, Culture=neutral, PublicKeyToken=669e0ddf0bb1aa2a' and ignoring 'Packages/com.unity.collab-proxy/Lib/Editor/log4netPlastic.dll, AssemblyName=log4net, Version=1.2.15.0, Culture=neutral, PublicKeyToken=669e0ddf0bb1aa2a'.- Loaded All Assemblies, in  0.850 seconds
Script 'Tree' has the same name as built-in Unity component.
AddComponent and GetComponent will not work with this script.
Refreshing native plugins compatible for Editor in 2.26 ms, found 4 plugins.
Native extension for WindowsStandalone target not found
Native extension for WebGL target not found
Mono: successfully reloaded assembly
- Finished resetting the current domain, in  0.851 seconds
Domain Reload Profiling: 1699ms
	BeginReloadAssembly (203ms)
		ExecutionOrderSort (0ms)
		DisableScriptedObjects (14ms)
		BackupInstance (0ms)
		ReleaseScriptingObjects (0ms)
		CreateAndSetChildDomain (59ms)
	RebuildCommonClasses (47ms)
	RebuildNativeTypeToScriptingClass (17ms)
	initialDomainReloadingComplete (31ms)
	LoadAllAssembliesAndSetupDomain (550ms)
		LoadAssemblies (388ms)
		RebuildTransferFunctionScriptingTraits (0ms)
		AnalyzeDomain (240ms)
			TypeCache.Refresh (11ms)
				TypeCache.ScanAssembly (0ms)
			BuildScriptInfoCaches (211ms)
			ResolveRequiredComponents (13ms)
	FinalizeReload (852ms)
		ReleaseScriptCaches (0ms)
		RebuildScriptCaches (0ms)
		SetupLoadedEditorAssemblies (594ms)
			LogAssemblyErrors (0ms)
			InitializePlatformSupportModulesInManaged (4ms)
			SetLoadedEditorAssemblies (6ms)
			BeforeProcessingInitializeOnLoad (137ms)
			ProcessInitializeOnLoadAttributes (378ms)
			ProcessInitializeOnLoadMethodAttributes (64ms)
			AfterProcessingInitializeOnLoad (5ms)
			EditorAssembliesLoaded (0ms)
		ExecutionOrderSort2 (0ms)
		AwakeInstancesAfterBackupRestoration (10ms)
Refreshing native plugins compatible for Editor in 2.30 ms, found 4 plugins.
Preloading 0 native plugins for Editor in 0.00 ms.
Unloading 24 Unused Serialized files (Serialized files now loaded: 0)
Unloading 6830 unused Assets / (5.5 MB). Loaded Objects now: 7641.
Memory consumption went from 156.4 MB to 150.9 MB.
Total: 11.361400 ms (FindLiveObjects: 0.851200 ms CreateObjectMapping: 1.020900 ms MarkObjects: 6.143900 ms  DeleteObjects: 3.344500 ms)

Prepare: number of updated asset objects reloaded= 0
========================================================================
Received Prepare
Script 'Tree' has the same name as built-in Unity component.
AddComponent and GetComponent will not work with this script.
Refreshing native plugins compatible for Editor in 2.34 ms, found 4 plugins.
Preloading 0 native plugins for Editor in 0.00 ms.
Unloading 24 Unused Serialized files (Serialized files now loaded: 0)
Unloading 6819 unused Assets / (6.9 MB). Loaded Objects now: 7641.
Memory consumption went from 159.4 MB to 152.5 MB.
Total: 12.407800 ms (FindLiveObjects: 0.968400 ms CreateObjectMapping: 1.124600 ms MarkObjects: 6.619700 ms  DeleteObjects: 3.694100 ms)

Prepare: number of updated asset objects reloaded= 0
========================================================================
Received Import Request.
  Time since last request: 44.485858 seconds.
  path: Assets/Scprits/UI/Message/FieldMessageBase.cs
  artifactKey: Guid(c408fcbe4f7fb8c4681ed28b7e821c5c) Importer(815301076,1909f56bfc062723c751e8b465ee728b)
Start importing Assets/Scprits/UI/Message/FieldMessageBase.cs using Guid(c408fcbe4f7fb8c4681ed28b7e821c5c) Importer(815301076,1909f56bfc062723c751e8b465ee728b) (PreviewImporter) -> (artifact id: 'f6639cf419bffda31f5fb46634979405') in 0.0020551 seconds
Number of updated asset objects reloaded before import = 0Number of asset objects unloaded after import = 0

========================================================================
Received Prepare
Begin MonoManager ReloadAssembly
Duplicate assembly 'log4net.dll' with different versions detected, using 'Packages/com.unity.package-validation-suite/Lib/Editor/log4net.dll, AssemblyName=log4net, Version=2.0.8.0, Culture=neutral, PublicKeyToken=669e0ddf0bb1aa2a' and ignoring 'Packages/com.unity.collab-proxy/Lib/Editor/log4netPlastic.dll, AssemblyName=log4net, Version=1.2.15.0, Culture=neutral, PublicKeyToken=669e0ddf0bb1aa2a'.- Loaded All Assemblies, in  0.845 seconds
Script 'Tree' has the same name as built-in Unity component.
AddComponent and GetComponent will not work with this script.
Refreshing native plugins compatible for Editor in 2.11 ms, found 4 plugins.
Native extension for WindowsStandalone target not found
Native extension for WebGL target not found
Mono: successfully reloaded assembly
- Finished resetting the current domain, in  0.958 seconds
Domain Reload Profiling: 1802ms
	BeginReloadAssembly (181ms)
		ExecutionOrderSort (0ms)
		DisableScriptedObjects (13ms)
		BackupInstance (0ms)
		ReleaseScriptingObjects (0ms)
		CreateAndSetChildDomain (52ms)
	RebuildCommonClasses (39ms)
	RebuildNativeTypeToScriptingClass (19ms)
	initialDomainReloadingComplete (36ms)
	LoadAllAssembliesAndSetupDomain (569ms)
		LoadAssemblies (382ms)
		RebuildTransferFunctionScriptingTraits (0ms)
		AnalyzeDomain (252ms)
			TypeCache.Refresh (10ms)
				TypeCache.ScanAssembly (0ms)
			BuildScriptInfoCaches (226ms)
			ResolveRequiredComponents (11ms)
	FinalizeReload (958ms)
		ReleaseScriptCaches (0ms)
		RebuildScriptCaches (0ms)
		SetupLoadedEditorAssemblies (714ms)
			LogAssemblyErrors (0ms)
			InitializePlatformSupportModulesInManaged (3ms)
			SetLoadedEditorAssemblies (7ms)
			BeforeProcessingInitializeOnLoad (171ms)
			ProcessInitializeOnLoadAttributes (436ms)
			ProcessInitializeOnLoadMethodAttributes (72ms)
			AfterProcessingInitializeOnLoad (24ms)
			EditorAssembliesLoaded (1ms)
		ExecutionOrderSort2 (0ms)
		AwakeInstancesAfterBackupRestoration (17ms)
Refreshing native plugins compatible for Editor in 1.57 ms, found 4 plugins.
Preloading 0 native plugins for Editor in 0.00 ms.
Unloading 24 Unused Serialized files (Serialized files now loaded: 0)
Unloading 6830 unused Assets / (6.2 MB). Loaded Objects now: 7643.
Memory consumption went from 156.4 MB to 150.3 MB.
Total: 11.090000 ms (FindLiveObjects: 0.704100 ms CreateObjectMapping: 0.677600 ms MarkObjects: 6.190700 ms  DeleteObjects: 3.516800 ms)

Prepare: number of updated asset objects reloaded= 0
========================================================================
Received Prepare
Script 'Tree' has the same name as built-in Unity component.
AddComponent and GetComponent will not work with this script.
Refreshing native plugins compatible for Editor in 1.88 ms, found 4 plugins.
Preloading 0 native plugins for Editor in 0.00 ms.
Unloading 24 Unused Serialized files (Serialized files now loaded: 0)
Unloading 6819 unused Assets / (5.4 MB). Loaded Objects now: 7643.
Memory consumption went from 159.4 MB to 154.0 MB.
Total: 9.835500 ms (FindLiveObjects: 0.743100 ms CreateObjectMapping: 0.574900 ms MarkObjects: 5.077800 ms  DeleteObjects: 3.438800 ms)

Prepare: number of updated asset objects reloaded= 0
========================================================================
Received Import Request.
  Time since last request: 38.536887 seconds.
  path: Assets/Scprits/UI/Message/FieldMessageBase.cs
  artifactKey: Guid(c408fcbe4f7fb8c4681ed28b7e821c5c) Importer(815301076,1909f56bfc062723c751e8b465ee728b)
Start importing Assets/Scprits/UI/Message/FieldMessageBase.cs using Guid(c408fcbe4f7fb8c4681ed28b7e821c5c) Importer(815301076,1909f56bfc062723c751e8b465ee728b) (PreviewImporter) -> (artifact id: '4298af3371cd3d7d2ac87d8c4666ec38') in 0.0016451 seconds
Number of updated asset objects reloaded before import = 0Number of asset objects unloaded after import = 0

========================================================================
Received Prepare
Begin MonoManager ReloadAssembly
Duplicate assembly 'log4net.dll' with different versions detected, using 'Packages/com.unity.package-validation-suite/Lib/Editor/log4net.dll, AssemblyName=log4net, Version=2.0.8.0, Culture=neutral, PublicKeyToken=669e0ddf0bb1aa2a' and ignoring 'Packages/com.unity.collab-proxy/Lib/Editor/log4netPlastic.dll, AssemblyName=log4net, Version=1.2.15.0, Culture=neutral, PublicKeyToken=669e0ddf0bb1aa2a'.- Loaded All Assemblies, in  0.917 seconds
Script 'Tree' has the same name as built-in Unity component.
AddComponent and GetComponent will not work with this script.
Refreshing native plugins compatible for Editor in 1.65 ms, found 4 plugins.
Native extension for WindowsStandalone target not found
Native extension for WebGL target not found
Mono: successfully reloaded assembly
- Finished resetting the current domain, in  0.945 seconds
Domain Reload Profiling: 1861ms
	BeginReloadAssembly (239ms)
		ExecutionOrderSort (0ms)
		DisableScriptedObjects (23ms)
		BackupInstance (0ms)
		ReleaseScriptingObjects (0ms)
		CreateAndSetChildDomain (61ms)
	RebuildCommonClasses (38ms)
	RebuildNativeTypeToScriptingClass (16ms)
	initialDomainReloadingComplete (29ms)
	LoadAllAssembliesAndSetupDomain (593ms)
		LoadAssemblies (435ms)
		RebuildTransferFunctionScriptingTraits (0ms)
		AnalyzeDomain (241ms)
			TypeCache.Refresh (10ms)
				TypeCache.ScanAssembly (0ms)
			BuildScriptInfoCaches (217ms)
			ResolveRequiredComponents (9ms)
	FinalizeReload (946ms)
		ReleaseScriptCaches (0ms)
		RebuildScriptCaches (0ms)
		SetupLoadedEditorAssemblies (714ms)
			LogAssemblyErrors (0ms)
			InitializePlatformSupportModulesInManaged (3ms)
			SetLoadedEditorAssemblies (8ms)
			BeforeProcessingInitializeOnLoad (153ms)
			ProcessInitializeOnLoadAttributes (465ms)
			ProcessInitializeOnLoadMethodAttributes (79ms)
			AfterProcessingInitializeOnLoad (7ms)
			EditorAssembliesLoaded (0ms)
		ExecutionOrderSort2 (0ms)
		AwakeInstancesAfterBackupRestoration (16ms)
Refreshing native plugins compatible for Editor in 2.36 ms, found 4 plugins.
Preloading 0 native plugins for Editor in 0.00 ms.
Unloading 24 Unused Serialized files (Serialized files now loaded: 0)
Unloading 6830 unused Assets / (6.2 MB). Loaded Objects now: 7645.
Memory consumption went from 156.4 MB to 150.2 MB.
Total: 12.980900 ms (FindLiveObjects: 0.956800 ms CreateObjectMapping: 1.110000 ms MarkObjects: 7.029700 ms  DeleteObjects: 3.883100 ms)

Prepare: number of updated asset objects reloaded= 0
========================================================================
Received Prepare
Script 'Tree' has the same name as built-in Unity component.
AddComponent and GetComponent will not work with this script.
Refreshing native plugins compatible for Editor in 2.49 ms, found 4 plugins.
Preloading 0 native plugins for Editor in 0.00 ms.
Unloading 24 Unused Serialized files (Serialized files now loaded: 0)
Unloading 6819 unused Assets / (5.6 MB). Loaded Objects now: 7645.
Memory consumption went from 159.4 MB to 153.8 MB.
Total: 11.730800 ms (FindLiveObjects: 1.014700 ms CreateObjectMapping: 1.320100 ms MarkObjects: 6.199500 ms  DeleteObjects: 3.195700 ms)

Prepare: number of updated asset objects reloaded= 0
========================================================================
Received Prepare
Begin MonoManager ReloadAssembly
Duplicate assembly 'log4net.dll' with different versions detected, using 'Packages/com.unity.package-validation-suite/Lib/Editor/log4net.dll, AssemblyName=log4net, Version=2.0.8.0, Culture=neutral, PublicKeyToken=669e0ddf0bb1aa2a' and ignoring 'Packages/com.unity.collab-proxy/Lib/Editor/log4netPlastic.dll, AssemblyName=log4net, Version=1.2.15.0, Culture=neutral, PublicKeyToken=669e0ddf0bb1aa2a'.- Loaded All Assemblies, in  0.690 seconds
Script 'Tree' has the same name as built-in Unity component.
AddComponent and GetComponent will not work with this script.
Refreshing native plugins compatible for Editor in 1.73 ms, found 4 plugins.
Native extension for WindowsStandalone target not found
Native extension for WebGL target not found
Mono: successfully reloaded assembly
- Finished resetting the current domain, in  0.682 seconds
Domain Reload Profiling: 1372ms
	BeginReloadAssembly (170ms)
		ExecutionOrderSort (0ms)
		DisableScriptedObjects (13ms)
		BackupInstance (0ms)
		ReleaseScriptingObjects (0ms)
		CreateAndSetChildDomain (51ms)
	RebuildCommonClasses (42ms)
	RebuildNativeTypeToScriptingClass (12ms)
	initialDomainReloadingComplete (25ms)
	LoadAllAssembliesAndSetupDomain (439ms)
		LoadAssemblies (306ms)
		RebuildTransferFunctionScriptingTraits (0ms)
		AnalyzeDomain (192ms)
			TypeCache.Refresh (10ms)
				TypeCache.ScanAssembly (0ms)
			BuildScriptInfoCaches (169ms)
			ResolveRequiredComponents (9ms)
	FinalizeReload (683ms)
		ReleaseScriptCaches (0ms)
		RebuildScriptCaches (0ms)
		SetupLoadedEditorAssemblies (501ms)
			LogAssemblyErrors (0ms)
			InitializePlatformSupportModulesInManaged (2ms)
			SetLoadedEditorAssemblies (6ms)
			BeforeProcessingInitializeOnLoad (109ms)
			ProcessInitializeOnLoadAttributes (323ms)
			ProcessInitializeOnLoadMethodAttributes (54ms)
			AfterProcessingInitializeOnLoad (6ms)
			EditorAssembliesLoaded (0ms)
		ExecutionOrderSort2 (0ms)
		AwakeInstancesAfterBackupRestoration (13ms)
Refreshing native plugins compatible for Editor in 1.64 ms, found 4 plugins.
Preloading 0 native plugins for Editor in 0.00 ms.
Unloading 24 Unused Serialized files (Serialized files now loaded: 0)
Unloading 6830 unused Assets / (5.5 MB). Loaded Objects now: 7647.
Memory consumption went from 162.1 MB to 156.6 MB.
Total: 8.665900 ms (FindLiveObjects: 0.748500 ms CreateObjectMapping: 0.589400 ms MarkObjects: 4.950500 ms  DeleteObjects: 2.376600 ms)

Prepare: number of updated asset objects reloaded= 0
========================================================================
Received Prepare
Script 'Tree' has the same name as built-in Unity component.
AddComponent and GetComponent will not work with this script.
Refreshing native plugins compatible for Editor in 2.04 ms, found 4 plugins.
Preloading 0 native plugins for Editor in 0.00 ms.
Unloading 24 Unused Serialized files (Serialized files now loaded: 0)
Unloading 6819 unused Assets / (5.6 MB). Loaded Objects now: 7647.
Memory consumption went from 165.1 MB to 159.5 MB.
Total: 13.722100 ms (FindLiveObjects: 0.750400 ms CreateObjectMapping: 0.661600 ms MarkObjects: 8.259600 ms  DeleteObjects: 4.049200 ms)

Prepare: number of updated asset objects reloaded= 0
========================================================================
Received Prepare
Begin MonoManager ReloadAssembly
Duplicate assembly 'log4net.dll' with different versions detected, using 'Packages/com.unity.package-validation-suite/Lib/Editor/log4net.dll, AssemblyName=log4net, Version=2.0.8.0, Culture=neutral, PublicKeyToken=669e0ddf0bb1aa2a' and ignoring 'Packages/com.unity.collab-proxy/Lib/Editor/log4netPlastic.dll, AssemblyName=log4net, Version=1.2.15.0, Culture=neutral, PublicKeyToken=669e0ddf0bb1aa2a'.- Loaded All Assemblies, in  0.854 seconds
Script 'Tree' has the same name as built-in Unity component.
AddComponent and GetComponent will not work with this script.
Refreshing native plugins compatible for Editor in 2.27 ms, found 4 plugins.
Native extension for WindowsStandalone target not found
Native extension for WebGL target not found
Mono: successfully reloaded assembly
- Finished resetting the current domain, in  0.843 seconds
Domain Reload Profiling: 1696ms
	BeginReloadAssembly (199ms)
		ExecutionOrderSort (0ms)
		DisableScriptedObjects (17ms)
		BackupInstance (0ms)
		ReleaseScriptingObjects (0ms)
		CreateAndSetChildDomain (46ms)
	RebuildCommonClasses (46ms)
	RebuildNativeTypeToScriptingClass (18ms)
	initialDomainReloadingComplete (41ms)
	LoadAllAssembliesAndSetupDomain (549ms)
		LoadAssemblies (417ms)
		RebuildTransferFunctionScriptingTraits (0ms)
		AnalyzeDomain (210ms)
			TypeCache.Refresh (10ms)
				TypeCache.ScanAssembly (0ms)
			BuildScriptInfoCaches (187ms)
			ResolveRequiredComponents (9ms)
	FinalizeReload (843ms)
		ReleaseScriptCaches (0ms)
		RebuildScriptCaches (0ms)
		SetupLoadedEditorAssemblies (598ms)
			LogAssemblyErrors (0ms)
			InitializePlatformSupportModulesInManaged (3ms)
			SetLoadedEditorAssemblies (7ms)
			BeforeProcessingInitializeOnLoad (148ms)
			ProcessInitializeOnLoadAttributes (362ms)
			ProcessInitializeOnLoadMethodAttributes (72ms)
			AfterProcessingInitializeOnLoad (7ms)
			EditorAssembliesLoaded (0ms)
		ExecutionOrderSort2 (0ms)
		AwakeInstancesAfterBackupRestoration (14ms)
Refreshing native plugins compatible for Editor in 2.12 ms, found 4 plugins.
Preloading 0 native plugins for Editor in 0.00 ms.
Unloading 24 Unused Serialized files (Serialized files now loaded: 0)
Unloading 6830 unused Assets / (5.9 MB). Loaded Objects now: 7649.
Memory consumption went from 167.9 MB to 161.9 MB.
Total: 11.015300 ms (FindLiveObjects: 0.860500 ms CreateObjectMapping: 1.017100 ms MarkObjects: 6.266500 ms  DeleteObjects: 2.870200 ms)

Prepare: number of updated asset objects reloaded= 0
========================================================================
Received Prepare
Script 'Tree' has the same name as built-in Unity component.
AddComponent and GetComponent will not work with this script.
Refreshing native plugins compatible for Editor in 1.60 ms, found 4 plugins.
Preloading 0 native plugins for Editor in 0.00 ms.
Unloading 24 Unused Serialized files (Serialized files now loaded: 0)
Unloading 6819 unused Assets / (5.2 MB). Loaded Objects now: 7649.
Memory consumption went from 170.9 MB to 165.6 MB.
Total: 15.312000 ms (FindLiveObjects: 0.753200 ms CreateObjectMapping: 0.705900 ms MarkObjects: 8.756700 ms  DeleteObjects: 5.095000 ms)

Prepare: number of updated asset objects reloaded= 0
========================================================================
Received Prepare
Begin MonoManager ReloadAssembly
Duplicate assembly 'log4net.dll' with different versions detected, using 'Packages/com.unity.package-validation-suite/Lib/Editor/log4net.dll, AssemblyName=log4net, Version=2.0.8.0, Culture=neutral, PublicKeyToken=669e0ddf0bb1aa2a' and ignoring 'Packages/com.unity.collab-proxy/Lib/Editor/log4netPlastic.dll, AssemblyName=log4net, Version=1.2.15.0, Culture=neutral, PublicKeyToken=669e0ddf0bb1aa2a'.- Loaded All Assemblies, in  0.923 seconds
Script 'Tree' has the same name as built-in Unity component.
AddComponent and GetComponent will not work with this script.
Refreshing native plugins compatible for Editor in 4.56 ms, found 4 plugins.
Native extension for WindowsStandalone target not found
Native extension for WebGL target not found
Mono: successfully reloaded assembly
- Finished resetting the current domain, in  0.824 seconds
Domain Reload Profiling: 1747ms
	BeginReloadAssembly (198ms)
		ExecutionOrderSort (0ms)
		DisableScriptedObjects (19ms)
		BackupInstance (0ms)
		ReleaseScriptingObjects (0ms)
		CreateAndSetChildDomain (50ms)
	RebuildCommonClasses (44ms)
	RebuildNativeTypeToScriptingClass (13ms)
	initialDomainReloadingComplete (33ms)
	LoadAllAssembliesAndSetupDomain (634ms)
		LoadAssemblies (396ms)
		RebuildTransferFunctionScriptingTraits (0ms)
		AnalyzeDomain (309ms)
			TypeCache.Refresh (14ms)
				TypeCache.ScanAssembly (1ms)
			BuildScriptInfoCaches (275ms)
			ResolveRequiredComponents (16ms)
	FinalizeReload (825ms)
		ReleaseScriptCaches (0ms)
		RebuildScriptCaches (0ms)
		SetupLoadedEditorAssemblies (587ms)
			LogAssemblyErrors (0ms)
			InitializePlatformSupportModulesInManaged (2ms)
			SetLoadedEditorAssemblies (6ms)
			BeforeProcessingInitializeOnLoad (130ms)
			ProcessInitializeOnLoadAttributes (380ms)
			ProcessInitializeOnLoadMethodAttributes (62ms)
			AfterProcessingInitializeOnLoad (6ms)
			EditorAssembliesLoaded (0ms)
		ExecutionOrderSort2 (0ms)
		AwakeInstancesAfterBackupRestoration (19ms)
Refreshing native plugins compatible for Editor in 1.59 ms, found 4 plugins.
Preloading 0 native plugins for Editor in 0.00 ms.
Unloading 24 Unused Serialized files (Serialized files now loaded: 0)
Unloading 6830 unused Assets / (4.8 MB). Loaded Objects now: 7651.
Memory consumption went from 173.6 MB to 168.8 MB.
Total: 9.168800 ms (FindLiveObjects: 0.732200 ms CreateObjectMapping: 0.604800 ms MarkObjects: 4.775500 ms  DeleteObjects: 3.055400 ms)

Prepare: number of updated asset objects reloaded= 0
========================================================================
Received Prepare
Script 'Tree' has the same name as built-in Unity component.
AddComponent and GetComponent will not work with this script.
Refreshing native plugins compatible for Editor in 2.14 ms, found 4 plugins.
Preloading 0 native plugins for Editor in 0.00 ms.
Unloading 24 Unused Serialized files (Serialized files now loaded: 0)
Unloading 6819 unused Assets / (5.7 MB). Loaded Objects now: 7651.
Memory consumption went from 176.6 MB to 170.9 MB.
Total: 12.576900 ms (FindLiveObjects: 1.192300 ms CreateObjectMapping: 1.036800 ms MarkObjects: 7.027700 ms  DeleteObjects: 3.319800 ms)

Prepare: number of updated asset objects reloaded= 0
========================================================================
Received Prepare
Begin MonoManager ReloadAssembly
Duplicate assembly 'log4net.dll' with different versions detected, using 'Packages/com.unity.package-validation-suite/Lib/Editor/log4net.dll, AssemblyName=log4net, Version=2.0.8.0, Culture=neutral, PublicKeyToken=669e0ddf0bb1aa2a' and ignoring 'Packages/com.unity.collab-proxy/Lib/Editor/log4netPlastic.dll, AssemblyName=log4net, Version=1.2.15.0, Culture=neutral, PublicKeyToken=669e0ddf0bb1aa2a'.- Loaded All Assemblies, in  0.798 seconds
Script 'Tree' has the same name as built-in Unity component.
AddComponent and GetComponent will not work with this script.
Refreshing native plugins compatible for Editor in 2.16 ms, found 4 plugins.
Native extension for WindowsStandalone target not found
Native extension for WebGL target not found
Mono: successfully reloaded assembly
- Finished resetting the current domain, in  0.898 seconds
Domain Reload Profiling: 1693ms
	BeginReloadAssembly (178ms)
		ExecutionOrderSort (0ms)
		DisableScriptedObjects (14ms)
		BackupInstance (0ms)
		ReleaseScriptingObjects (0ms)
		CreateAndSetChildDomain (48ms)
	RebuildCommonClasses (35ms)
	RebuildNativeTypeToScriptingClass (18ms)
	initialDomainReloadingComplete (31ms)
	LoadAllAssembliesAndSetupDomain (533ms)
		LoadAssemblies (372ms)
		RebuildTransferFunctionScriptingTraits (0ms)
		AnalyzeDomain (225ms)
			TypeCache.Refresh (13ms)
				TypeCache.ScanAssembly (1ms)
			BuildScriptInfoCaches (199ms)
			ResolveRequiredComponents (9ms)
	FinalizeReload (898ms)
		ReleaseScriptCaches (0ms)
		RebuildScriptCaches (0ms)
		SetupLoadedEditorAssemblies (695ms)
			LogAssemblyErrors (0ms)
			InitializePlatformSupportModulesInManaged (3ms)
			SetLoadedEditorAssemblies (7ms)
			BeforeProcessingInitializeOnLoad (204ms)
			ProcessInitializeOnLoadAttributes (411ms)
			ProcessInitializeOnLoadMethodAttributes (65ms)
			AfterProcessingInitializeOnLoad (5ms)
			EditorAssembliesLoaded (0ms)
		ExecutionOrderSort2 (0ms)
		AwakeInstancesAfterBackupRestoration (10ms)
Refreshing native plugins compatible for Editor in 2.32 ms, found 4 plugins.
Preloading 0 native plugins for Editor in 0.00 ms.
Unloading 24 Unused Serialized files (Serialized files now loaded: 0)
Unloading 6830 unused Assets / (6.5 MB). Loaded Objects now: 7653.
Memory consumption went from 179.3 MB to 172.8 MB.
Total: 11.280900 ms (FindLiveObjects: 0.870200 ms CreateObjectMapping: 1.076100 ms MarkObjects: 6.131700 ms  DeleteObjects: 3.202000 ms)

Prepare: number of updated asset objects reloaded= 0
========================================================================
Received Prepare
Script 'Tree' has the same name as built-in Unity component.
AddComponent and GetComponent will not work with this script.
Refreshing native plugins compatible for Editor in 5.27 ms, found 4 plugins.
Preloading 0 native plugins for Editor in 0.00 ms.
Unloading 24 Unused Serialized files (Serialized files now loaded: 0)
Unloading 6819 unused Assets / (5.8 MB). Loaded Objects now: 7653.
Memory consumption went from 182.3 MB to 176.5 MB.
Total: 10.724600 ms (FindLiveObjects: 0.668800 ms CreateObjectMapping: 0.572000 ms MarkObjects: 6.047800 ms  DeleteObjects: 3.433900 ms)

Prepare: number of updated asset objects reloaded= 0
========================================================================
Received Prepare
Begin MonoManager ReloadAssembly
Duplicate assembly 'log4net.dll' with different versions detected, using 'Packages/com.unity.package-validation-suite/Lib/Editor/log4net.dll, AssemblyName=log4net, Version=2.0.8.0, Culture=neutral, PublicKeyToken=669e0ddf0bb1aa2a' and ignoring 'Packages/com.unity.collab-proxy/Lib/Editor/log4netPlastic.dll, AssemblyName=log4net, Version=1.2.15.0, Culture=neutral, PublicKeyToken=669e0ddf0bb1aa2a'.- Loaded All Assemblies, in  0.821 seconds
Script 'Tree' has the same name as built-in Unity component.
AddComponent and GetComponent will not work with this script.
Refreshing native plugins compatible for Editor in 2.19 ms, found 4 plugins.
Native extension for WindowsStandalone target not found
Native extension for WebGL target not found
Mono: successfully reloaded assembly
- Finished resetting the current domain, in  0.858 seconds
Domain Reload Profiling: 1678ms
	BeginReloadAssembly (191ms)
		ExecutionOrderSort (0ms)
		DisableScriptedObjects (12ms)
		BackupInstance (0ms)
		ReleaseScriptingObjects (0ms)
		CreateAndSetChildDomain (55ms)
	RebuildCommonClasses (55ms)
	RebuildNativeTypeToScriptingClass (13ms)
	initialDomainReloadingComplete (34ms)
	LoadAllAssembliesAndSetupDomain (525ms)
		LoadAssemblies (394ms)
		RebuildTransferFunctionScriptingTraits (0ms)
		AnalyzeDomain (204ms)
			TypeCache.Refresh (9ms)
				TypeCache.ScanAssembly (0ms)
			BuildScriptInfoCaches (183ms)
			ResolveRequiredComponents (8ms)
	FinalizeReload (859ms)
		ReleaseScriptCaches (0ms)
		RebuildScriptCaches (0ms)
		SetupLoadedEditorAssemblies (622ms)
			LogAssemblyErrors (0ms)
			InitializePlatformSupportModulesInManaged (3ms)
			SetLoadedEditorAssemblies (8ms)
			BeforeProcessingInitializeOnLoad (128ms)
			ProcessInitializeOnLoadAttributes (401ms)
			ProcessInitializeOnLoadMethodAttributes (75ms)
			AfterProcessingInitializeOnLoad (7ms)
			EditorAssembliesLoaded (0ms)
		ExecutionOrderSort2 (0ms)
		AwakeInstancesAfterBackupRestoration (18ms)
Refreshing native plugins compatible for Editor in 2.30 ms, found 4 plugins.
Preloading 0 native plugins for Editor in 0.00 ms.
Unloading 24 Unused Serialized files (Serialized files now loaded: 0)
Unloading 6830 unused Assets / (5.0 MB). Loaded Objects now: 7655.
Memory consumption went from 185.0 MB to 180.0 MB.
Total: 10.348500 ms (FindLiveObjects: 0.927900 ms CreateObjectMapping: 0.943800 ms MarkObjects: 6.092200 ms  DeleteObjects: 2.383400 ms)

Prepare: number of updated asset objects reloaded= 0
========================================================================
Received Prepare
Script 'Tree' has the same name as built-in Unity component.
AddComponent and GetComponent will not work with this script.
Refreshing native plugins compatible for Editor in 2.01 ms, found 4 plugins.
Preloading 0 native plugins for Editor in 0.00 ms.
Unloading 24 Unused Serialized files (Serialized files now loaded: 0)
Unloading 6819 unused Assets / (5.4 MB). Loaded Objects now: 7655.
Memory consumption went from 188.0 MB to 182.6 MB.
Total: 11.078000 ms (FindLiveObjects: 1.107700 ms CreateObjectMapping: 0.839000 ms MarkObjects: 5.914100 ms  DeleteObjects: 3.216100 ms)

Prepare: number of updated asset objects reloaded= 0
========================================================================
Received Prepare
Begin MonoManager ReloadAssembly
Duplicate assembly 'log4net.dll' with different versions detected, using 'Packages/com.unity.package-validation-suite/Lib/Editor/log4net.dll, AssemblyName=log4net, Version=2.0.8.0, Culture=neutral, PublicKeyToken=669e0ddf0bb1aa2a' and ignoring 'Packages/com.unity.collab-proxy/Lib/Editor/log4netPlastic.dll, AssemblyName=log4net, Version=1.2.15.0, Culture=neutral, PublicKeyToken=669e0ddf0bb1aa2a'.- Loaded All Assemblies, in  0.857 seconds
Script 'Tree' has the same name as built-in Unity component.
AddComponent and GetComponent will not work with this script.
Refreshing native plugins compatible for Editor in 8.71 ms, found 4 plugins.
Native extension for WindowsStandalone target not found
Native extension for WebGL target not found
Mono: successfully reloaded assembly
- Finished resetting the current domain, in  0.836 seconds
Domain Reload Profiling: 1688ms
	BeginReloadAssembly (193ms)
		ExecutionOrderSort (0ms)
		DisableScriptedObjects (17ms)
		BackupInstance (0ms)
		ReleaseScriptingObjects (0ms)
		CreateAndSetChildDomain (50ms)
	RebuildCommonClasses (54ms)
	RebuildNativeTypeToScriptingClass (18ms)
	initialDomainReloadingComplete (43ms)
	LoadAllAssembliesAndSetupDomain (543ms)
		LoadAssemblies (365ms)
		RebuildTransferFunctionScriptingTraits (0ms)
		AnalyzeDomain (252ms)
			TypeCache.Refresh (11ms)
				TypeCache.ScanAssembly (1ms)
			BuildScriptInfoCaches (219ms)
			ResolveRequiredComponents (13ms)
	FinalizeReload (836ms)
		ReleaseScriptCaches (0ms)
		RebuildScriptCaches (0ms)
		SetupLoadedEditorAssemblies (618ms)
			LogAssemblyErrors (0ms)
			InitializePlatformSupportModulesInManaged (2ms)
			SetLoadedEditorAssemblies (7ms)
			BeforeProcessingInitializeOnLoad (139ms)
			ProcessInitializeOnLoadAttributes (406ms)
			ProcessInitializeOnLoadMethodAttributes (60ms)
			AfterProcessingInitializeOnLoad (4ms)
			EditorAssembliesLoaded (0ms)
		ExecutionOrderSort2 (0ms)
		AwakeInstancesAfterBackupRestoration (10ms)
Refreshing native plugins compatible for Editor in 2.12 ms, found 4 plugins.
Preloading 0 native plugins for Editor in 0.00 ms.
Unloading 24 Unused Serialized files (Serialized files now loaded: 0)
Unloading 6830 unused Assets / (5.7 MB). Loaded Objects now: 7657.
Memory consumption went from 190.7 MB to 185.0 MB.
Total: 12.331400 ms (FindLiveObjects: 0.731700 ms CreateObjectMapping: 0.761800 ms MarkObjects: 6.983900 ms  DeleteObjects: 3.852900 ms)

Prepare: number of updated asset objects reloaded= 0
========================================================================
Received Prepare
Script 'Tree' has the same name as built-in Unity component.
AddComponent and GetComponent will not work with this script.
Refreshing native plugins compatible for Editor in 2.50 ms, found 4 plugins.
Preloading 0 native plugins for Editor in 0.00 ms.
Unloading 24 Unused Serialized files (Serialized files now loaded: 0)
Unloading 6819 unused Assets / (6.4 MB). Loaded Objects now: 7657.
Memory consumption went from 193.7 MB to 187.4 MB.
Total: 12.050400 ms (FindLiveObjects: 0.697400 ms CreateObjectMapping: 0.723600 ms MarkObjects: 6.661300 ms  DeleteObjects: 3.967200 ms)

Prepare: number of updated asset objects reloaded= 0
========================================================================
Received Prepare
Begin MonoManager ReloadAssembly
Duplicate assembly 'log4net.dll' with different versions detected, using 'Packages/com.unity.package-validation-suite/Lib/Editor/log4net.dll, AssemblyName=log4net, Version=2.0.8.0, Culture=neutral, PublicKeyToken=669e0ddf0bb1aa2a' and ignoring 'Packages/com.unity.collab-proxy/Lib/Editor/log4netPlastic.dll, AssemblyName=log4net, Version=1.2.15.0, Culture=neutral, PublicKeyToken=669e0ddf0bb1aa2a'.- Loaded All Assemblies, in  0.834 seconds
Script 'Tree' has the same name as built-in Unity component.
AddComponent and GetComponent will not work with this script.
Refreshing native plugins compatible for Editor in 8.73 ms, found 4 plugins.
Native extension for WindowsStandalone target not found
Native extension for WebGL target not found
Mono: successfully reloaded assembly
- Finished resetting the current domain, in  0.899 seconds
Domain Reload Profiling: 1726ms
	BeginReloadAssembly (192ms)
		ExecutionOrderSort (0ms)
		DisableScriptedObjects (18ms)
		BackupInstance (0ms)
		ReleaseScriptingObjects (0ms)
		CreateAndSetChildDomain (51ms)
	RebuildCommonClasses (54ms)
	RebuildNativeTypeToScriptingClass (19ms)
	initialDomainReloadingComplete (28ms)
	LoadAllAssembliesAndSetupDomain (534ms)
		LoadAssemblies (379ms)
		RebuildTransferFunctionScriptingTraits (0ms)
		AnalyzeDomain (232ms)
			TypeCache.Refresh (13ms)
				TypeCache.ScanAssembly (1ms)
			BuildScriptInfoCaches (207ms)
			ResolveRequiredComponents (8ms)
	FinalizeReload (899ms)
		ReleaseScriptCaches (0ms)
		RebuildScriptCaches (0ms)
		SetupLoadedEditorAssemblies (658ms)
			LogAssemblyErrors (0ms)
			InitializePlatformSupportModulesInManaged (2ms)
			SetLoadedEditorAssemblies (11ms)
			BeforeProcessingInitializeOnLoad (157ms)
			ProcessInitializeOnLoadAttributes (402ms)
			ProcessInitializeOnLoadMethodAttributes (79ms)
			AfterProcessingInitializeOnLoad (5ms)
			EditorAssembliesLoaded (0ms)
		ExecutionOrderSort2 (0ms)
		AwakeInstancesAfterBackupRestoration (11ms)
Refreshing native plugins compatible for Editor in 2.28 ms, found 4 plugins.
Preloading 0 native plugins for Editor in 0.00 ms.
Unloading 24 Unused Serialized files (Serialized files now loaded: 0)
Unloading 6830 unused Assets / (6.6 MB). Loaded Objects now: 7659.
Memory consumption went from 196.4 MB to 189.8 MB.
Total: 11.267100 ms (FindLiveObjects: 1.176800 ms CreateObjectMapping: 0.728600 ms MarkObjects: 5.546700 ms  DeleteObjects: 3.805300 ms)

Prepare: number of updated asset objects reloaded= 0
========================================================================
Received Prepare
Script 'Tree' has the same name as built-in Unity component.
AddComponent and GetComponent will not work with this script.
Refreshing native plugins compatible for Editor in 1.98 ms, found 4 plugins.
Preloading 0 native plugins for Editor in 0.00 ms.
Unloading 24 Unused Serialized files (Serialized files now loaded: 0)
Unloading 6819 unused Assets / (6.0 MB). Loaded Objects now: 7659.
Memory consumption went from 199.4 MB to 193.5 MB.
Total: 13.456700 ms (FindLiveObjects: 1.427600 ms CreateObjectMapping: 1.029100 ms MarkObjects: 7.078500 ms  DeleteObjects: 3.920700 ms)

Prepare: number of updated asset objects reloaded= 0
========================================================================
Received Prepare
Script 'Tree' has the same name as built-in Unity component.
AddComponent and GetComponent will not work with this script.
Refreshing native plugins compatible for Editor in 2.12 ms, found 4 plugins.
Preloading 0 native plugins for Editor in 0.00 ms.
Unloading 24 Unused Serialized files (Serialized files now loaded: 0)
Unloading 6819 unused Assets / (5.2 MB). Loaded Objects now: 7659.
Memory consumption went from 202.3 MB to 197.1 MB.
Total: 9.788400 ms (FindLiveObjects: 1.103700 ms CreateObjectMapping: 1.023800 ms MarkObjects: 4.778300 ms  DeleteObjects: 2.881900 ms)

Prepare: number of updated asset objects reloaded= 0
========================================================================
Received Prepare
Script 'Tree' has the same name as built-in Unity component.
AddComponent and GetComponent will not work with this script.
Refreshing native plugins compatible for Editor in 1.88 ms, found 4 plugins.
Preloading 0 native plugins for Editor in 0.00 ms.
Unloading 24 Unused Serialized files (Serialized files now loaded: 0)
Unloading 6819 unused Assets / (5.0 MB). Loaded Objects now: 7659.
Memory consumption went from 205.2 MB to 200.2 MB.
Total: 10.226000 ms (FindLiveObjects: 0.802300 ms CreateObjectMapping: 0.705000 ms MarkObjects: 5.964500 ms  DeleteObjects: 2.753300 ms)

Prepare: number of updated asset objects reloaded= 0
========================================================================
Received Prepare
Script 'Tree' has the same name as built-in Unity component.
AddComponent and GetComponent will not work with this script.
Refreshing native plugins compatible for Editor in 2.14 ms, found 4 plugins.
Preloading 0 native plugins for Editor in 0.00 ms.
Unloading 24 Unused Serialized files (Serialized files now loaded: 0)
Unloading 6819 unused Assets / (6.5 MB). Loaded Objects now: 7659.
Memory consumption went from 208.0 MB to 201.5 MB.
Total: 13.462600 ms (FindLiveObjects: 1.050200 ms CreateObjectMapping: 2.462300 ms MarkObjects: 5.621400 ms  DeleteObjects: 4.327200 ms)

Prepare: number of updated asset objects reloaded= 0
========================================================================
Received Prepare
Script 'Tree' has the same name as built-in Unity component.
AddComponent and GetComponent will not work with this script.
Refreshing native plugins compatible for Editor in 2.01 ms, found 4 plugins.
Preloading 0 native plugins for Editor in 0.00 ms.
Unloading 24 Unused Serialized files (Serialized files now loaded: 0)
Unloading 6819 unused Assets / (6.5 MB). Loaded Objects now: 7659.
Memory consumption went from 210.9 MB to 204.4 MB.
Total: 11.397800 ms (FindLiveObjects: 0.879500 ms CreateObjectMapping: 1.014500 ms MarkObjects: 6.267300 ms  DeleteObjects: 3.235600 ms)

Prepare: number of updated asset objects reloaded= 0
========================================================================
Received Prepare
Script 'Tree' has the same name as built-in Unity component.
AddComponent and GetComponent will not work with this script.
Refreshing native plugins compatible for Editor in 2.15 ms, found 4 plugins.
Preloading 0 native plugins for Editor in 0.00 ms.
Unloading 24 Unused Serialized files (Serialized files now loaded: 0)
Unloading 6819 unused Assets / (7.6 MB). Loaded Objects now: 7659.
Memory consumption went from 213.8 MB to 206.2 MB.
Total: 16.534100 ms (FindLiveObjects: 0.865600 ms CreateObjectMapping: 1.023800 ms MarkObjects: 9.810900 ms  DeleteObjects: 4.832400 ms)

Prepare: number of updated asset objects reloaded= 0
========================================================================
Received Prepare
Script 'Tree' has the same name as built-in Unity component.
AddComponent and GetComponent will not work with this script.
Refreshing native plugins compatible for Editor in 2.42 ms, found 4 plugins.
Preloading 0 native plugins for Editor in 0.00 ms.
Unloading 24 Unused Serialized files (Serialized files now loaded: 0)
Unloading 6819 unused Assets / (4.9 MB). Loaded Objects now: 7659.
Memory consumption went from 216.7 MB to 211.7 MB.
Total: 9.580200 ms (FindLiveObjects: 1.107500 ms CreateObjectMapping: 0.963200 ms MarkObjects: 5.047000 ms  DeleteObjects: 2.461600 ms)

Prepare: number of updated asset objects reloaded= 0
========================================================================
Received Prepare
Script 'Tree' has the same name as built-in Unity component.
AddComponent and GetComponent will not work with this script.
Refreshing native plugins compatible for Editor in 2.32 ms, found 4 plugins.
Preloading 0 native plugins for Editor in 0.00 ms.
Unloading 24 Unused Serialized files (Serialized files now loaded: 0)
Unloading 6819 unused Assets / (4.8 MB). Loaded Objects now: 7659.
Memory consumption went from 219.5 MB to 214.7 MB.
Total: 9.045200 ms (FindLiveObjects: 0.863400 ms CreateObjectMapping: 0.729700 ms MarkObjects: 5.187800 ms  DeleteObjects: 2.263400 ms)

Prepare: number of updated asset objects reloaded= 0
========================================================================
Received Prepare
Script 'Tree' has the same name as built-in Unity component.
AddComponent and GetComponent will not work with this script.
Refreshing native plugins compatible for Editor in 2.09 ms, found 4 plugins.
Preloading 0 native plugins for Editor in 0.00 ms.
Unloading 24 Unused Serialized files (Serialized files now loaded: 0)
Unloading 6819 unused Assets / (5.3 MB). Loaded Objects now: 7659.
Memory consumption went from 222.4 MB to 217.1 MB.
Total: 10.808500 ms (FindLiveObjects: 0.879600 ms CreateObjectMapping: 1.080100 ms MarkObjects: 5.639500 ms  DeleteObjects: 3.208100 ms)

Prepare: number of updated asset objects reloaded= 0
========================================================================
Received Prepare
Begin MonoManager ReloadAssembly
Duplicate assembly 'log4net.dll' with different versions detected, using 'Packages/com.unity.package-validation-suite/Lib/Editor/log4net.dll, AssemblyName=log4net, Version=2.0.8.0, Culture=neutral, PublicKeyToken=669e0ddf0bb1aa2a' and ignoring 'Packages/com.unity.collab-proxy/Lib/Editor/log4netPlastic.dll, AssemblyName=log4net, Version=1.2.15.0, Culture=neutral, PublicKeyToken=669e0ddf0bb1aa2a'.- Loaded All Assemblies, in  0.830 seconds
Script 'Tree' has the same name as built-in Unity component.
AddComponent and GetComponent will not work with this script.
Refreshing native plugins compatible for Editor in 2.35 ms, found 4 plugins.
Native extension for WindowsStandalone target not found
Native extension for WebGL target not found
Mono: successfully reloaded assembly
- Finished resetting the current domain, in  0.808 seconds
Domain Reload Profiling: 1638ms
	BeginReloadAssembly (197ms)
		ExecutionOrderSort (0ms)
		DisableScriptedObjects (18ms)
		BackupInstance (0ms)
		ReleaseScriptingObjects (0ms)
		CreateAndSetChildDomain (49ms)
	RebuildCommonClasses (48ms)
	RebuildNativeTypeToScriptingClass (12ms)
	initialDomainReloadingComplete (29ms)
	LoadAllAssembliesAndSetupDomain (544ms)
		LoadAssemblies (372ms)
		RebuildTransferFunctionScriptingTraits (0ms)
		AnalyzeDomain (249ms)
			TypeCache.Refresh (11ms)
				TypeCache.ScanAssembly (1ms)
			BuildScriptInfoCaches (222ms)
			ResolveRequiredComponents (13ms)
	FinalizeReload (809ms)
		ReleaseScriptCaches (0ms)
		RebuildScriptCaches (0ms)
		SetupLoadedEditorAssemblies (604ms)
			LogAssemblyErrors (0ms)
			InitializePlatformSupportModulesInManaged (3ms)
			SetLoadedEditorAssemblies (7ms)
			BeforeProcessingInitializeOnLoad (151ms)
			ProcessInitializeOnLoadAttributes (380ms)
			ProcessInitializeOnLoadMethodAttributes (56ms)
			AfterProcessingInitializeOnLoad (7ms)
			EditorAssembliesLoaded (0ms)
		ExecutionOrderSort2 (0ms)
		AwakeInstancesAfterBackupRestoration (18ms)
Refreshing native plugins compatible for Editor in 2.13 ms, found 4 plugins.
Preloading 0 native plugins for Editor in 0.00 ms.
Unloading 24 Unused Serialized files (Serialized files now loaded: 0)
Unloading 6830 unused Assets / (5.5 MB). Loaded Objects now: 7661.
Memory consumption went from 225.2 MB to 219.6 MB.
Total: 8.888600 ms (FindLiveObjects: 0.749300 ms CreateObjectMapping: 0.594900 ms MarkObjects: 4.572600 ms  DeleteObjects: 2.971300 ms)

Prepare: number of updated asset objects reloaded= 0
========================================================================
Received Prepare
Script 'Tree' has the same name as built-in Unity component.
AddComponent and GetComponent will not work with this script.
Refreshing native plugins compatible for Editor in 1.64 ms, found 4 plugins.
Preloading 0 native plugins for Editor in 0.00 ms.
Unloading 24 Unused Serialized files (Serialized files now loaded: 0)
Unloading 6819 unused Assets / (6.0 MB). Loaded Objects now: 7661.
Memory consumption went from 228.2 MB to 222.2 MB.
Total: 9.688700 ms (FindLiveObjects: 0.737100 ms CreateObjectMapping: 0.589400 ms MarkObjects: 4.922400 ms  DeleteObjects: 3.439100 ms)

Prepare: number of updated asset objects reloaded= 0
========================================================================
Received Prepare
Begin MonoManager ReloadAssembly
Duplicate assembly 'log4net.dll' with different versions detected, using 'Packages/com.unity.package-validation-suite/Lib/Editor/log4net.dll, AssemblyName=log4net, Version=2.0.8.0, Culture=neutral, PublicKeyToken=669e0ddf0bb1aa2a' and ignoring 'Packages/com.unity.collab-proxy/Lib/Editor/log4netPlastic.dll, AssemblyName=log4net, Version=1.2.15.0, Culture=neutral, PublicKeyToken=669e0ddf0bb1aa2a'.- Loaded All Assemblies, in  0.864 seconds
Script 'Tree' has the same name as built-in Unity component.
AddComponent and GetComponent will not work with this script.
Refreshing native plugins compatible for Editor in 2.10 ms, found 4 plugins.
Native extension for WindowsStandalone target not found
Native extension for WebGL target not found
Mono: successfully reloaded assembly
- Finished resetting the current domain, in  0.942 seconds
Domain Reload Profiling: 1804ms
	BeginReloadAssembly (187ms)
		ExecutionOrderSort (0ms)
		DisableScriptedObjects (15ms)
		BackupInstance (0ms)
		ReleaseScriptingObjects (0ms)
		CreateAndSetChildDomain (56ms)
	RebuildCommonClasses (52ms)
	RebuildNativeTypeToScriptingClass (19ms)
	initialDomainReloadingComplete (37ms)
	LoadAllAssembliesAndSetupDomain (566ms)
		LoadAssemblies (382ms)
		RebuildTransferFunctionScriptingTraits (0ms)
		AnalyzeDomain (248ms)
			TypeCache.Refresh (12ms)
				TypeCache.ScanAssembly (1ms)
			BuildScriptInfoCaches (223ms)
			ResolveRequiredComponents (9ms)
	FinalizeReload (943ms)
		ReleaseScriptCaches (0ms)
		RebuildScriptCaches (0ms)
		SetupLoadedEditorAssemblies (719ms)
			LogAssemblyErrors (0ms)
			InitializePlatformSupportModulesInManaged (4ms)
			SetLoadedEditorAssemblies (9ms)
			BeforeProcessingInitializeOnLoad (209ms)
			ProcessInitializeOnLoadAttributes (427ms)
			ProcessInitializeOnLoadMethodAttributes (65ms)
			AfterProcessingInitializeOnLoad (4ms)
			EditorAssembliesLoaded (0ms)
		ExecutionOrderSort2 (0ms)
		AwakeInstancesAfterBackupRestoration (10ms)
Refreshing native plugins compatible for Editor in 2.25 ms, found 4 plugins.
Preloading 0 native plugins for Editor in 0.00 ms.
Unloading 24 Unused Serialized files (Serialized files now loaded: 0)
Unloading 6830 unused Assets / (6.9 MB). Loaded Objects now: 7663.
Memory consumption went from 230.9 MB to 224.1 MB.
Total: 9.752600 ms (FindLiveObjects: 0.876700 ms CreateObjectMapping: 1.032300 ms MarkObjects: 4.415300 ms  DeleteObjects: 3.427300 ms)

Prepare: number of updated asset objects reloaded= 0
========================================================================
Received Prepare
Script 'Tree' has the same name as built-in Unity component.
AddComponent and GetComponent will not work with this script.
Refreshing native plugins compatible for Editor in 2.28 ms, found 4 plugins.
Preloading 0 native plugins for Editor in 0.00 ms.
Unloading 24 Unused Serialized files (Serialized files now loaded: 0)
Unloading 6819 unused Assets / (4.8 MB). Loaded Objects now: 7663.
Memory consumption went from 234.0 MB to 229.2 MB.
Total: 10.770800 ms (FindLiveObjects: 1.434600 ms CreateObjectMapping: 0.605700 ms MarkObjects: 6.145400 ms  DeleteObjects: 2.583900 ms)

Prepare: number of updated asset objects reloaded= 0
========================================================================
Received Prepare
Begin MonoManager ReloadAssembly
Duplicate assembly 'log4net.dll' with different versions detected, using 'Packages/com.unity.package-validation-suite/Lib/Editor/log4net.dll, AssemblyName=log4net, Version=2.0.8.0, Culture=neutral, PublicKeyToken=669e0ddf0bb1aa2a' and ignoring 'Packages/com.unity.collab-proxy/Lib/Editor/log4netPlastic.dll, AssemblyName=log4net, Version=1.2.15.0, Culture=neutral, PublicKeyToken=669e0ddf0bb1aa2a'.- Loaded All Assemblies, in  0.885 seconds
Script 'Tree' has the same name as built-in Unity component.
AddComponent and GetComponent will not work with this script.
Refreshing native plugins compatible for Editor in 1.64 ms, found 4 plugins.
Native extension for WindowsStandalone target not found
Native extension for WebGL target not found
Mono: successfully reloaded assembly
- Finished resetting the current domain, in  0.905 seconds
Domain Reload Profiling: 1788ms
	BeginReloadAssembly (230ms)
		ExecutionOrderSort (0ms)
		DisableScriptedObjects (21ms)
		BackupInstance (0ms)
		ReleaseScriptingObjects (0ms)
		CreateAndSetChildDomain (71ms)
	RebuildCommonClasses (53ms)
	RebuildNativeTypeToScriptingClass (12ms)
	initialDomainReloadingComplete (36ms)
	LoadAllAssembliesAndSetupDomain (552ms)
		LoadAssemblies (381ms)
		RebuildTransferFunctionScriptingTraits (0ms)
		AnalyzeDomain (250ms)
			TypeCache.Refresh (12ms)
				TypeCache.ScanAssembly (1ms)
			BuildScriptInfoCaches (223ms)
			ResolveRequiredComponents (10ms)
	FinalizeReload (905ms)
		ReleaseScriptCaches (0ms)
		RebuildScriptCaches (0ms)
		SetupLoadedEditorAssemblies (660ms)
			LogAssemblyErrors (0ms)
			InitializePlatformSupportModulesInManaged (2ms)
			SetLoadedEditorAssemblies (5ms)
			BeforeProcessingInitializeOnLoad (149ms)
			ProcessInitializeOnLoadAttributes (424ms)
			ProcessInitializeOnLoadMethodAttributes (73ms)
			AfterProcessingInitializeOnLoad (7ms)
			EditorAssembliesLoaded (0ms)
		ExecutionOrderSort2 (0ms)
		AwakeInstancesAfterBackupRestoration (15ms)
Refreshing native plugins compatible for Editor in 1.70 ms, found 4 plugins.
Preloading 0 native plugins for Editor in 0.00 ms.
Unloading 24 Unused Serialized files (Serialized files now loaded: 0)
Unloading 6830 unused Assets / (5.6 MB). Loaded Objects now: 7665.
Memory consumption went from 236.7 MB to 231.1 MB.
Total: 13.429500 ms (FindLiveObjects: 0.747600 ms CreateObjectMapping: 0.630600 ms MarkObjects: 6.440300 ms  DeleteObjects: 5.609100 ms)

Prepare: number of updated asset objects reloaded= 0
========================================================================
Received Prepare
Script 'Tree' has the same name as built-in Unity component.
AddComponent and GetComponent will not work with this script.
Refreshing native plugins compatible for Editor in 2.16 ms, found 4 plugins.
Preloading 0 native plugins for Editor in 0.00 ms.
Unloading 24 Unused Serialized files (Serialized files now loaded: 0)
Unloading 6819 unused Assets / (5.5 MB). Loaded Objects now: 7665.
Memory consumption went from 239.7 MB to 234.3 MB.
Total: 9.917500 ms (FindLiveObjects: 0.915700 ms CreateObjectMapping: 1.069200 ms MarkObjects: 5.098000 ms  DeleteObjects: 2.833500 ms)

Prepare: number of updated asset objects reloaded= 0
========================================================================
Received Prepare
Script 'Tree' has the same name as built-in Unity component.
AddComponent and GetComponent will not work with this script.
Refreshing native plugins compatible for Editor in 1.98 ms, found 4 plugins.
Preloading 0 native plugins for Editor in 0.00 ms.
Unloading 24 Unused Serialized files (Serialized files now loaded: 0)
Unloading 6819 unused Assets / (5.2 MB). Loaded Objects now: 7665.
Memory consumption went from 242.6 MB to 237.4 MB.
Total: 12.378600 ms (FindLiveObjects: 0.706200 ms CreateObjectMapping: 0.662500 ms MarkObjects: 7.466500 ms  DeleteObjects: 3.542100 ms)

Prepare: number of updated asset objects reloaded= 0
========================================================================
Received Prepare
Begin MonoManager ReloadAssembly
Duplicate assembly 'log4net.dll' with different versions detected, using 'Packages/com.unity.package-validation-suite/Lib/Editor/log4net.dll, AssemblyName=log4net, Version=2.0.8.0, Culture=neutral, PublicKeyToken=669e0ddf0bb1aa2a' and ignoring 'Packages/com.unity.collab-proxy/Lib/Editor/log4netPlastic.dll, AssemblyName=log4net, Version=1.2.15.0, Culture=neutral, PublicKeyToken=669e0ddf0bb1aa2a'.- Loaded All Assemblies, in  0.872 seconds
Script 'Tree' has the same name as built-in Unity component.
AddComponent and GetComponent will not work with this script.
Refreshing native plugins compatible for Editor in 1.80 ms, found 4 plugins.
Native extension for WindowsStandalone target not found
Native extension for WebGL target not found
Mono: successfully reloaded assembly
- Finished resetting the current domain, in  0.915 seconds
Domain Reload Profiling: 1782ms
	BeginReloadAssembly (207ms)
		ExecutionOrderSort (0ms)
		DisableScriptedObjects (15ms)
		BackupInstance (0ms)
		ReleaseScriptingObjects (0ms)
		CreateAndSetChildDomain (55ms)
	RebuildCommonClasses (52ms)
	RebuildNativeTypeToScriptingClass (14ms)
	initialDomainReloadingComplete (31ms)
	LoadAllAssembliesAndSetupDomain (562ms)
		LoadAssemblies (413ms)
		RebuildTransferFunctionScriptingTraits (0ms)
		AnalyzeDomain (230ms)
			TypeCache.Refresh (11ms)
				TypeCache.ScanAssembly (0ms)
			BuildScriptInfoCaches (205ms)
			ResolveRequiredComponents (10ms)
	FinalizeReload (915ms)
		ReleaseScriptCaches (0ms)
		RebuildScriptCaches (0ms)
		SetupLoadedEditorAssemblies (682ms)
			LogAssemblyErrors (0ms)
			InitializePlatformSupportModulesInManaged (3ms)
			SetLoadedEditorAssemblies (8ms)
			BeforeProcessingInitializeOnLoad (149ms)
			ProcessInitializeOnLoadAttributes (438ms)
			ProcessInitializeOnLoadMethodAttributes (80ms)
			AfterProcessingInitializeOnLoad (5ms)
			EditorAssembliesLoaded (0ms)
		ExecutionOrderSort2 (0ms)
		AwakeInstancesAfterBackupRestoration (10ms)
Refreshing native plugins compatible for Editor in 2.16 ms, found 4 plugins.
Preloading 0 native plugins for Editor in 0.00 ms.
Unloading 24 Unused Serialized files (Serialized files now loaded: 0)
Unloading 6830 unused Assets / (5.6 MB). Loaded Objects now: 7667.
Memory consumption went from 245.4 MB to 239.8 MB.
Total: 9.949300 ms (FindLiveObjects: 0.892100 ms CreateObjectMapping: 1.084100 ms MarkObjects: 4.829500 ms  DeleteObjects: 3.142700 ms)

Prepare: number of updated asset objects reloaded= 0
========================================================================
Received Prepare
Script 'Tree' has the same name as built-in Unity component.
AddComponent and GetComponent will not work with this script.
Refreshing native plugins compatible for Editor in 2.15 ms, found 4 plugins.
Preloading 0 native plugins for Editor in 0.00 ms.
Unloading 24 Unused Serialized files (Serialized files now loaded: 0)
Unloading 6819 unused Assets / (5.3 MB). Loaded Objects now: 7667.
Memory consumption went from 248.4 MB to 243.0 MB.
Total: 11.832800 ms (FindLiveObjects: 0.919700 ms CreateObjectMapping: 1.024400 ms MarkObjects: 6.844200 ms  DeleteObjects: 3.043300 ms)

Prepare: number of updated asset objects reloaded= 0
========================================================================
Received Prepare
Begin MonoManager ReloadAssembly
Duplicate assembly 'log4net.dll' with different versions detected, using 'Packages/com.unity.package-validation-suite/Lib/Editor/log4net.dll, AssemblyName=log4net, Version=2.0.8.0, Culture=neutral, PublicKeyToken=669e0ddf0bb1aa2a' and ignoring 'Packages/com.unity.collab-proxy/Lib/Editor/log4netPlastic.dll, AssemblyName=log4net, Version=1.2.15.0, Culture=neutral, PublicKeyToken=669e0ddf0bb1aa2a'.- Loaded All Assemblies, in  0.829 seconds
Script 'Tree' has the same name as built-in Unity component.
AddComponent and GetComponent will not work with this script.
Refreshing native plugins compatible for Editor in 2.06 ms, found 4 plugins.
Native extension for WindowsStandalone target not found
Native extension for WebGL target not found
Mono: successfully reloaded assembly
- Finished resetting the current domain, in  0.874 seconds
Domain Reload Profiling: 1700ms
	BeginReloadAssembly (185ms)
		ExecutionOrderSort (0ms)
		DisableScriptedObjects (19ms)
		BackupInstance (0ms)
		ReleaseScriptingObjects (0ms)
		CreateAndSetChildDomain (54ms)
	RebuildCommonClasses (50ms)
	RebuildNativeTypeToScriptingClass (19ms)
	initialDomainReloadingComplete (35ms)
	LoadAllAssembliesAndSetupDomain (536ms)
		LoadAssemblies (348ms)
		RebuildTransferFunctionScriptingTraits (0ms)
		AnalyzeDomain (249ms)
			TypeCache.Refresh (13ms)
				TypeCache.ScanAssembly (1ms)
			BuildScriptInfoCaches (217ms)
			ResolveRequiredComponents (14ms)
	FinalizeReload (875ms)
		ReleaseScriptCaches (0ms)
		RebuildScriptCaches (0ms)
		SetupLoadedEditorAssemblies (661ms)
			LogAssemblyErrors (0ms)
			InitializePlatformSupportModulesInManaged (2ms)
			SetLoadedEditorAssemblies (10ms)
			BeforeProcessingInitializeOnLoad (152ms)
			ProcessInitializeOnLoadAttributes (394ms)
			ProcessInitializeOnLoadMethodAttributes (95ms)
			AfterProcessingInitializeOnLoad (7ms)
			EditorAssembliesLoaded (1ms)
		ExecutionOrderSort2 (0ms)
		AwakeInstancesAfterBackupRestoration (13ms)
Refreshing native plugins compatible for Editor in 2.24 ms, found 4 plugins.
Preloading 0 native plugins for Editor in 0.00 ms.
Unloading 24 Unused Serialized files (Serialized files now loaded: 0)
Unloading 6830 unused Assets / (5.3 MB). Loaded Objects now: 7669.
Memory consumption went from 251.1 MB to 245.8 MB.
Total: 10.206500 ms (FindLiveObjects: 0.671700 ms CreateObjectMapping: 0.727500 ms MarkObjects: 6.167300 ms  DeleteObjects: 2.639300 ms)

Prepare: number of updated asset objects reloaded= 0
========================================================================
Received Prepare
Script 'Tree' has the same name as built-in Unity component.
AddComponent and GetComponent will not work with this script.
Refreshing native plugins compatible for Editor in 1.54 ms, found 4 plugins.
Preloading 0 native plugins for Editor in 0.00 ms.
Unloading 24 Unused Serialized files (Serialized files now loaded: 0)
Unloading 6819 unused Assets / (5.5 MB). Loaded Objects now: 7669.
Memory consumption went from 254.2 MB to 248.6 MB.
Total: 12.303100 ms (FindLiveObjects: 0.901800 ms CreateObjectMapping: 0.720800 ms MarkObjects: 6.928200 ms  DeleteObjects: 3.751100 ms)

Prepare: number of updated asset objects reloaded= 0
========================================================================
Received Prepare
Begin MonoManager ReloadAssembly
Duplicate assembly 'log4net.dll' with different versions detected, using 'Packages/com.unity.package-validation-suite/Lib/Editor/log4net.dll, AssemblyName=log4net, Version=2.0.8.0, Culture=neutral, PublicKeyToken=669e0ddf0bb1aa2a' and ignoring 'Packages/com.unity.collab-proxy/Lib/Editor/log4netPlastic.dll, AssemblyName=log4net, Version=1.2.15.0, Culture=neutral, PublicKeyToken=669e0ddf0bb1aa2a'.- Loaded All Assemblies, in  0.846 seconds
Script 'Tree' has the same name as built-in Unity component.
AddComponent and GetComponent will not work with this script.
Refreshing native plugins compatible for Editor in 2.18 ms, found 4 plugins.
Native extension for WindowsStandalone target not found
Native extension for WebGL target not found
Mono: successfully reloaded assembly
- Finished resetting the current domain, in  0.900 seconds
Domain Reload Profiling: 1745ms
	BeginReloadAssembly (185ms)
		ExecutionOrderSort (0ms)
		DisableScriptedObjects (19ms)
		BackupInstance (0ms)
		ReleaseScriptingObjects (0ms)
		CreateAndSetChildDomain (40ms)
	RebuildCommonClasses (49ms)
	RebuildNativeTypeToScriptingClass (18ms)
	initialDomainReloadingComplete (30ms)
	LoadAllAssembliesAndSetupDomain (563ms)
		LoadAssemblies (387ms)
		RebuildTransferFunctionScriptingTraits (0ms)
		AnalyzeDomain (250ms)
			TypeCache.Refresh (10ms)
				TypeCache.ScanAssembly (0ms)
			BuildScriptInfoCaches (227ms)
			ResolveRequiredComponents (9ms)
	FinalizeReload (900ms)
		ReleaseScriptCaches (0ms)
		RebuildScriptCaches (0ms)
		SetupLoadedEditorAssemblies (675ms)
			LogAssemblyErrors (0ms)
			InitializePlatformSupportModulesInManaged (2ms)
			SetLoadedEditorAssemblies (7ms)
			BeforeProcessingInitializeOnLoad (145ms)
			ProcessInitializeOnLoadAttributes (427ms)
			ProcessInitializeOnLoadMethodAttributes (78ms)
			AfterProcessingInitializeOnLoad (17ms)
			EditorAssembliesLoaded (0ms)
		ExecutionOrderSort2 (0ms)
		AwakeInstancesAfterBackupRestoration (16ms)
Refreshing native plugins compatible for Editor in 2.13 ms, found 4 plugins.
Preloading 0 native plugins for Editor in 0.00 ms.
Unloading 24 Unused Serialized files (Serialized files now loaded: 0)
Unloading 6830 unused Assets / (4.7 MB). Loaded Objects now: 7671.
Memory consumption went from 256.8 MB to 252.1 MB.
Total: 11.729000 ms (FindLiveObjects: 0.885200 ms CreateObjectMapping: 1.049800 ms MarkObjects: 5.459800 ms  DeleteObjects: 4.333400 ms)

Prepare: number of updated asset objects reloaded= 0
========================================================================
Received Prepare
Script 'Tree' has the same name as built-in Unity component.
AddComponent and GetComponent will not work with this script.
Refreshing native plugins compatible for Editor in 1.88 ms, found 4 plugins.
Preloading 0 native plugins for Editor in 0.00 ms.
Unloading 24 Unused Serialized files (Serialized files now loaded: 0)
Unloading 6819 unused Assets / (7.5 MB). Loaded Objects now: 7671.
Memory consumption went from 259.9 MB to 252.3 MB.
Total: 14.241600 ms (FindLiveObjects: 0.940200 ms CreateObjectMapping: 1.166300 ms MarkObjects: 5.572000 ms  DeleteObjects: 6.561100 ms)

Prepare: number of updated asset objects reloaded= 0
========================================================================
Received Prepare
Begin MonoManager ReloadAssembly
Duplicate assembly 'log4net.dll' with different versions detected, using 'Packages/com.unity.package-validation-suite/Lib/Editor/log4net.dll, AssemblyName=log4net, Version=2.0.8.0, Culture=neutral, PublicKeyToken=669e0ddf0bb1aa2a' and ignoring 'Packages/com.unity.collab-proxy/Lib/Editor/log4netPlastic.dll, AssemblyName=log4net, Version=1.2.15.0, Culture=neutral, PublicKeyToken=669e0ddf0bb1aa2a'.- Loaded All Assemblies, in  0.832 seconds
Script 'Tree' has the same name as built-in Unity component.
AddComponent and GetComponent will not work with this script.
Refreshing native plugins compatible for Editor in 1.99 ms, found 4 plugins.
Native extension for WindowsStandalone target not found
Native extension for WebGL target not found
Mono: successfully reloaded assembly
- Finished resetting the current domain, in  0.850 seconds
Domain Reload Profiling: 1681ms
	BeginReloadAssembly (197ms)
		ExecutionOrderSort (0ms)
		DisableScriptedObjects (12ms)
		BackupInstance (0ms)
		ReleaseScriptingObjects (0ms)
		CreateAndSetChildDomain (61ms)
	RebuildCommonClasses (35ms)
	RebuildNativeTypeToScriptingClass (13ms)
	initialDomainReloadingComplete (34ms)
	LoadAllAssembliesAndSetupDomain (552ms)
		LoadAssemblies (371ms)
		RebuildTransferFunctionScriptingTraits (0ms)
		AnalyzeDomain (255ms)
			TypeCache.Refresh (13ms)
				TypeCache.ScanAssembly (1ms)
			BuildScriptInfoCaches (225ms)
			ResolveRequiredComponents (13ms)
	FinalizeReload (851ms)
		ReleaseScriptCaches (0ms)
		RebuildScriptCaches (0ms)
		SetupLoadedEditorAssemblies (645ms)
			LogAssemblyErrors (0ms)
			InitializePlatformSupportModulesInManaged (3ms)
			SetLoadedEditorAssemblies (8ms)
			BeforeProcessingInitializeOnLoad (157ms)
			ProcessInitializeOnLoadAttributes (401ms)
			ProcessInitializeOnLoadMethodAttributes (69ms)
			AfterProcessingInitializeOnLoad (7ms)
			EditorAssembliesLoaded (0ms)
		ExecutionOrderSort2 (0ms)
		AwakeInstancesAfterBackupRestoration (14ms)
Refreshing native plugins compatible for Editor in 1.80 ms, found 4 plugins.
Preloading 0 native plugins for Editor in 0.00 ms.
Unloading 24 Unused Serialized files (Serialized files now loaded: 0)
Unloading 6830 unused Assets / (5.2 MB). Loaded Objects now: 7673.
Memory consumption went from 262.7 MB to 257.5 MB.
Total: 10.687900 ms (FindLiveObjects: 0.891500 ms CreateObjectMapping: 1.053300 ms MarkObjects: 5.578600 ms  DeleteObjects: 3.163400 ms)

Prepare: number of updated asset objects reloaded= 0
========================================================================
Received Prepare
Script 'Tree' has the same name as built-in Unity component.
AddComponent and GetComponent will not work with this script.
Refreshing native plugins compatible for Editor in 2.14 ms, found 4 plugins.
Preloading 0 native plugins for Editor in 0.00 ms.
Unloading 24 Unused Serialized files (Serialized files now loaded: 0)
Unloading 6819 unused Assets / (6.4 MB). Loaded Objects now: 7673.
Memory consumption went from 265.7 MB to 259.3 MB.
Total: 13.377300 ms (FindLiveObjects: 1.183300 ms CreateObjectMapping: 1.448400 ms MarkObjects: 7.337600 ms  DeleteObjects: 3.406700 ms)

Prepare: number of updated asset objects reloaded= 0
========================================================================
Received Prepare
Begin MonoManager ReloadAssembly
Duplicate assembly 'log4net.dll' with different versions detected, using 'Packages/com.unity.package-validation-suite/Lib/Editor/log4net.dll, AssemblyName=log4net, Version=2.0.8.0, Culture=neutral, PublicKeyToken=669e0ddf0bb1aa2a' and ignoring 'Packages/com.unity.collab-proxy/Lib/Editor/log4netPlastic.dll, AssemblyName=log4net, Version=1.2.15.0, Culture=neutral, PublicKeyToken=669e0ddf0bb1aa2a'.- Loaded All Assemblies, in  0.833 seconds
Script 'Tree' has the same name as built-in Unity component.
AddComponent and GetComponent will not work with this script.
Refreshing native plugins compatible for Editor in 1.64 ms, found 4 plugins.
Native extension for WindowsStandalone target not found
Native extension for WebGL target not found
Mono: successfully reloaded assembly
- Finished resetting the current domain, in  0.903 seconds
Domain Reload Profiling: 1734ms
	BeginReloadAssembly (187ms)
		ExecutionOrderSort (0ms)
		DisableScriptedObjects (11ms)
		BackupInstance (0ms)
		ReleaseScriptingObjects (0ms)
		CreateAndSetChildDomain (45ms)
	RebuildCommonClasses (51ms)
	RebuildNativeTypeToScriptingClass (18ms)
	initialDomainReloadingComplete (34ms)
	LoadAllAssembliesAndSetupDomain (541ms)
		LoadAssemblies (390ms)
		RebuildTransferFunctionScriptingTraits (0ms)
		AnalyzeDomain (232ms)
			TypeCache.Refresh (10ms)
				TypeCache.ScanAssembly (0ms)
			BuildScriptInfoCaches (208ms)
			ResolveRequiredComponents (10ms)
	FinalizeReload (903ms)
		ReleaseScriptCaches (0ms)
		RebuildScriptCaches (0ms)
		SetupLoadedEditorAssemblies (670ms)
			LogAssemblyErrors (0ms)
			InitializePlatformSupportModulesInManaged (3ms)
			SetLoadedEditorAssemblies (7ms)
			BeforeProcessingInitializeOnLoad (140ms)
			ProcessInitializeOnLoadAttributes (437ms)
			ProcessInitializeOnLoadMethodAttributes (77ms)
			AfterProcessingInitializeOnLoad (6ms)
			EditorAssembliesLoaded (0ms)
		ExecutionOrderSort2 (0ms)
		AwakeInstancesAfterBackupRestoration (11ms)
Refreshing native plugins compatible for Editor in 1.58 ms, found 4 plugins.
Preloading 0 native plugins for Editor in 0.00 ms.
Unloading 24 Unused Serialized files (Serialized files now loaded: 0)
Unloading 6830 unused Assets / (5.6 MB). Loaded Objects now: 7675.
Memory consumption went from 268.4 MB to 262.8 MB.
Total: 10.280400 ms (FindLiveObjects: 0.695300 ms CreateObjectMapping: 0.613400 ms MarkObjects: 5.873800 ms  DeleteObjects: 3.096700 ms)

Prepare: number of updated asset objects reloaded= 0
========================================================================
Received Prepare
Script 'Tree' has the same name as built-in Unity component.
AddComponent and GetComponent will not work with this script.
Refreshing native plugins compatible for Editor in 2.13 ms, found 4 plugins.
Preloading 0 native plugins for Editor in 0.00 ms.
Unloading 24 Unused Serialized files (Serialized files now loaded: 0)
Unloading 6819 unused Assets / (5.2 MB). Loaded Objects now: 7675.
Memory consumption went from 271.5 MB to 266.3 MB.
Total: 9.892000 ms (FindLiveObjects: 0.737200 ms CreateObjectMapping: 0.603800 ms MarkObjects: 5.566400 ms  DeleteObjects: 2.983400 ms)

Prepare: number of updated asset objects reloaded= 0
========================================================================
Received Prepare
Begin MonoManager ReloadAssembly
Duplicate assembly 'log4net.dll' with different versions detected, using 'Packages/com.unity.package-validation-suite/Lib/Editor/log4net.dll, AssemblyName=log4net, Version=2.0.8.0, Culture=neutral, PublicKeyToken=669e0ddf0bb1aa2a' and ignoring 'Packages/com.unity.collab-proxy/Lib/Editor/log4netPlastic.dll, AssemblyName=log4net, Version=1.2.15.0, Culture=neutral, PublicKeyToken=669e0ddf0bb1aa2a'.- Loaded All Assemblies, in  0.830 seconds
Script 'Tree' has the same name as built-in Unity component.
AddComponent and GetComponent will not work with this script.
Refreshing native plugins compatible for Editor in 1.47 ms, found 4 plugins.
Native extension for WindowsStandalone target not found
Native extension for WebGL target not found
Mono: successfully reloaded assembly
- Finished resetting the current domain, in  0.907 seconds
Domain Reload Profiling: 1736ms
	BeginReloadAssembly (209ms)
		ExecutionOrderSort (0ms)
		DisableScriptedObjects (12ms)
		BackupInstance (0ms)
		ReleaseScriptingObjects (0ms)
		CreateAndSetChildDomain (51ms)
	RebuildCommonClasses (35ms)
	RebuildNativeTypeToScriptingClass (16ms)
	initialDomainReloadingComplete (35ms)
	LoadAllAssembliesAndSetupDomain (534ms)
		LoadAssemblies (393ms)
		RebuildTransferFunctionScriptingTraits (0ms)
		AnalyzeDomain (234ms)
			TypeCache.Refresh (10ms)
				TypeCache.ScanAssembly (0ms)
			BuildScriptInfoCaches (207ms)
			ResolveRequiredComponents (12ms)
	FinalizeReload (907ms)
		ReleaseScriptCaches (0ms)
		RebuildScriptCaches (0ms)
		SetupLoadedEditorAssemblies (644ms)
			LogAssemblyErrors (0ms)
			InitializePlatformSupportModulesInManaged (3ms)
			SetLoadedEditorAssemblies (7ms)
			BeforeProcessingInitializeOnLoad (142ms)
			ProcessInitializeOnLoadAttributes (410ms)
			ProcessInitializeOnLoadMethodAttributes (74ms)
			AfterProcessingInitializeOnLoad (8ms)
			EditorAssembliesLoaded (0ms)
		ExecutionOrderSort2 (0ms)
		AwakeInstancesAfterBackupRestoration (14ms)
Refreshing native plugins compatible for Editor in 1.95 ms, found 4 plugins.
Preloading 0 native plugins for Editor in 0.00 ms.
Unloading 24 Unused Serialized files (Serialized files now loaded: 0)
Unloading 6830 unused Assets / (6.6 MB). Loaded Objects now: 7677.
Memory consumption went from 274.2 MB to 267.6 MB.
Total: 11.813300 ms (FindLiveObjects: 0.912000 ms CreateObjectMapping: 1.148500 ms MarkObjects: 6.244200 ms  DeleteObjects: 3.507600 ms)

Prepare: number of updated asset objects reloaded= 0
========================================================================
Received Prepare
Begin MonoManager ReloadAssembly
Duplicate assembly 'log4net.dll' with different versions detected, using 'Packages/com.unity.package-validation-suite/Lib/Editor/log4net.dll, AssemblyName=log4net, Version=2.0.8.0, Culture=neutral, PublicKeyToken=669e0ddf0bb1aa2a' and ignoring 'Packages/com.unity.collab-proxy/Lib/Editor/log4netPlastic.dll, AssemblyName=log4net, Version=1.2.15.0, Culture=neutral, PublicKeyToken=669e0ddf0bb1aa2a'.- Loaded All Assemblies, in  0.967 seconds
Script 'Tree' has the same name as built-in Unity component.
AddComponent and GetComponent will not work with this script.
Refreshing native plugins compatible for Editor in 1.52 ms, found 4 plugins.
Native extension for WindowsStandalone target not found
Native extension for WebGL target not found
Mono: successfully reloaded assembly
- Finished resetting the current domain, in  0.678 seconds
Domain Reload Profiling: 1646ms
	BeginReloadAssembly (285ms)
		ExecutionOrderSort (0ms)
		DisableScriptedObjects (42ms)
		BackupInstance (0ms)
		ReleaseScriptingObjects (1ms)
		CreateAndSetChildDomain (98ms)
	RebuildCommonClasses (36ms)
	RebuildNativeTypeToScriptingClass (13ms)
	initialDomainReloadingComplete (33ms)
	LoadAllAssembliesAndSetupDomain (599ms)
		LoadAssemblies (480ms)
		RebuildTransferFunctionScriptingTraits (0ms)
		AnalyzeDomain (191ms)
			TypeCache.Refresh (9ms)
				TypeCache.ScanAssembly (0ms)
			BuildScriptInfoCaches (170ms)
			ResolveRequiredComponents (9ms)
	FinalizeReload (678ms)
		ReleaseScriptCaches (0ms)
		RebuildScriptCaches (0ms)
		SetupLoadedEditorAssemblies (500ms)
			LogAssemblyErrors (0ms)
			InitializePlatformSupportModulesInManaged (2ms)
			SetLoadedEditorAssemblies (6ms)
			BeforeProcessingInitializeOnLoad (112ms)
			ProcessInitializeOnLoadAttributes (317ms)
			ProcessInitializeOnLoadMethodAttributes (58ms)
			AfterProcessingInitializeOnLoad (5ms)
			EditorAssembliesLoaded (0ms)
		ExecutionOrderSort2 (0ms)
		AwakeInstancesAfterBackupRestoration (10ms)
Refreshing native plugins compatible for Editor in 1.86 ms, found 4 plugins.
Preloading 0 native plugins for Editor in 0.00 ms.
Unloading 24 Unused Serialized files (Serialized files now loaded: 0)
Unloading 6830 unused Assets / (6.2 MB). Loaded Objects now: 7679.
Memory consumption went from 277.1 MB to 270.9 MB.
Total: 9.400800 ms (FindLiveObjects: 0.760200 ms CreateObjectMapping: 0.680400 ms MarkObjects: 4.700900 ms  DeleteObjects: 3.257900 ms)

Prepare: number of updated asset objects reloaded= 0
========================================================================
Received Prepare
Script 'Tree' has the same name as built-in Unity component.
AddComponent and GetComponent will not work with this script.
Refreshing native plugins compatible for Editor in 2.12 ms, found 4 plugins.
Preloading 0 native plugins for Editor in 0.00 ms.
Unloading 24 Unused Serialized files (Serialized files now loaded: 0)
Unloading 6819 unused Assets / (5.8 MB). Loaded Objects now: 7679.
Memory consumption went from 280.1 MB to 274.4 MB.
Total: 15.872500 ms (FindLiveObjects: 0.879300 ms CreateObjectMapping: 1.042100 ms MarkObjects: 10.243000 ms  DeleteObjects: 3.706200 ms)

Prepare: number of updated asset objects reloaded= 0
========================================================================
Received Prepare
Begin MonoManager ReloadAssembly
Duplicate assembly 'log4net.dll' with different versions detected, using 'Packages/com.unity.package-validation-suite/Lib/Editor/log4net.dll, AssemblyName=log4net, Version=2.0.8.0, Culture=neutral, PublicKeyToken=669e0ddf0bb1aa2a' and ignoring 'Packages/com.unity.collab-proxy/Lib/Editor/log4netPlastic.dll, AssemblyName=log4net, Version=1.2.15.0, Culture=neutral, PublicKeyToken=669e0ddf0bb1aa2a'.- Loaded All Assemblies, in  0.672 seconds
Script 'Tree' has the same name as built-in Unity component.
AddComponent and GetComponent will not work with this script.
Refreshing native plugins compatible for Editor in 1.46 ms, found 4 plugins.
Native extension for WindowsStandalone target not found
Native extension for WebGL target not found
Mono: successfully reloaded assembly
- Finished resetting the current domain, in  0.680 seconds
Domain Reload Profiling: 1351ms
	BeginReloadAssembly (155ms)
		ExecutionOrderSort (0ms)
		DisableScriptedObjects (12ms)
		BackupInstance (0ms)
		ReleaseScriptingObjects (0ms)
		CreateAndSetChildDomain (46ms)
	RebuildCommonClasses (31ms)
	RebuildNativeTypeToScriptingClass (11ms)
	initialDomainReloadingComplete (25ms)
	LoadAllAssembliesAndSetupDomain (448ms)
		LoadAssemblies (308ms)
		RebuildTransferFunctionScriptingTraits (0ms)
		AnalyzeDomain (194ms)
			TypeCache.Refresh (13ms)
				TypeCache.ScanAssembly (1ms)
			BuildScriptInfoCaches (168ms)
			ResolveRequiredComponents (9ms)
	FinalizeReload (681ms)
		ReleaseScriptCaches (0ms)
		RebuildScriptCaches (0ms)
		SetupLoadedEditorAssemblies (510ms)
			LogAssemblyErrors (0ms)
			InitializePlatformSupportModulesInManaged (2ms)
			SetLoadedEditorAssemblies (6ms)
			BeforeProcessingInitializeOnLoad (111ms)
			ProcessInitializeOnLoadAttributes (329ms)
			ProcessInitializeOnLoadMethodAttributes (56ms)
			AfterProcessingInitializeOnLoad (5ms)
			EditorAssembliesLoaded (0ms)
		ExecutionOrderSort2 (0ms)
		AwakeInstancesAfterBackupRestoration (11ms)
Refreshing native plugins compatible for Editor in 1.81 ms, found 4 plugins.
Preloading 0 native plugins for Editor in 0.00 ms.
Unloading 24 Unused Serialized files (Serialized files now loaded: 0)
Unloading 6830 unused Assets / (5.9 MB). Loaded Objects now: 7681.
Memory consumption went from 282.9 MB to 277.0 MB.
Total: 8.541200 ms (FindLiveObjects: 0.727000 ms CreateObjectMapping: 0.667800 ms MarkObjects: 4.493700 ms  DeleteObjects: 2.651900 ms)

Prepare: number of updated asset objects reloaded= 0
========================================================================
Received Import Request.
  Time since last request: 14912.218663 seconds.
  path: Assets/Prefab/Object/Witch.prefab
  artifactKey: Guid(8af5857ae2f8b44448876b817eb0aae2) Importer(815301076,1909f56bfc062723c751e8b465ee728b)
Start importing Assets/Prefab/Object/Witch.prefab using Guid(8af5857ae2f8b44448876b817eb0aae2) Importer(815301076,1909f56bfc062723c751e8b465ee728b) (PreviewImporter) -> (artifact id: 'fdda466d6c723dda02c401af3a6f55f9') in 0.6713 seconds
Number of updated asset objects reloaded before import = 0Number of asset objects unloaded after import = 12

